DATETIME,PLANT_ID,DC_POWER,AC_POWER,DAILY_YIELD,TOTAL_YIELD,DATE_TIME,SOURCE_KEY,AMBIENT_TEMPERATURE,MODULE_TEMPERATURE,IRRADIATION,HOUR,CLOUD_CONDITION,EFFICIENCY_RATIO,DATE
2020-05-15 08:00:00,4135001,64834.803572,6365.6089285,280.0373376681818,6853081.751545455,2020-05-15 08:00:00,HmiyD2TTLFNqkNe,25.41951306666667,31.412544733333327,0.2016386213333333,8,Cloud-Affected,0.09818197291877191,2020-05-15
2020-05-15 08:15:00,4135001,101937.157142,10002.0646429,374.05487013181823,6853175.943181818,2020-05-15 08:15:00,HmiyD2TTLFNqkNe,25.95908213333333,35.5287108,0.3457076533333333,8,Clear-Sky,0.09811990959260296,2020-05-15
2020-05-15 08:30:00,4135001,112129.565473,10995.602976099999,498.63582251363636,6853300.587318182,2020-05-15 08:30:00,HmiyD2TTLFNqkNe,26.430782066666666,40.3180586,0.4053485726666666,8,Clear-Sky,0.09806158553916507,2020-05-15
2020-05-15 08:45:00,4135001,92505.464285,9080.0678571,603.1599026,6853404.890454546,2020-05-15 08:45:00,HmiyD2TTLFNqkNe,26.8318298,39.08195373333332,0.3124267953333332,8,Clear-Sky,0.09815709728373698,2020-05-15
2020-05-15 09:00:00,4135001,165598.892858,16211.35,754.2353896090909,6853555.5990454545,2020-05-15 09:00:00,HmiyD2TTLFNqkNe,27.6209698,45.0092326,0.6231526486666666,9,Clear-Sky,0.09789528009647462,2020-05-15
2020-05-15 09:15:00,4135001,98826.017857,9692.832143,908.2264610363636,6853710.004363636,2020-05-15 09:15:00,HmiyD2TTLFNqkNe,27.988362071428572,46.6177065,0.3448840357142857,9,Clear-Sky,0.09807976030184082,2020-05-15
2020-05-15 09:30:00,4135001,76522.24999899999,7511.4000001,994.9496753045455,6853797.353909091,2020-05-15 09:30:00,HmiyD2TTLFNqkNe,27.516727866666667,39.136326,0.2492484,9,Cloud-Affected,0.09815968558423414,2020-05-15
2020-05-15 09:45:00,4135001,161370.035715,15793.1124999,1115.1536796545454,6853916.853909091,2020-05-15 09:45:00,HmiyD2TTLFNqkNe,27.450107666666668,40.93057693333333,0.5412059773333334,9,Clear-Sky,0.09786892857725238,2020-05-15
2020-05-15 10:00:00,4135001,183026.214283,17896.7982142,1333.9423702000001,6854136.3165,2020-05-15 10:00:00,HmiyD2TTLFNqkNe,28.632191866666663,52.5477356,0.670675372,10,Clear-Sky,0.09778270443012875,2020-05-15
2020-05-15 10:15:00,4135001,158716.553571,15531.95,1498.7970779090908,6854299.8766363645,2020-05-15 10:15:00,HmiyD2TTLFNqkNe,28.768912733333337,47.633738,0.5722834766666666,10,Clear-Sky,0.09785967279746888,2020-05-15
2020-05-15 10:30:00,4135001,129103.635715,12648.5917859,1673.7806817727273,6854475.562545454,2020-05-15 10:30:00,HmiyD2TTLFNqkNe,29.35144260000001,49.249723266666656,0.4551483833333333,10,Clear-Sky,0.09797239028823426,2020-05-15
2020-05-15 10:45:00,4135001,113123.142857,11091.6289285,1809.0587662272728,6854610.514636364,2020-05-15 10:45:00,HmiyD2TTLFNqkNe,28.854707866666665,44.048325600000005,0.3619616539999999,10,Clear-Sky,0.09804915818614614,2020-05-15
2020-05-15 11:00:00,4135001,193768.035707,18936.5592845,1972.270617,6854774.381090909,2020-05-15 11:00:00,HmiyD2TTLFNqkNe,29.410819333333336,47.68545339999999,0.6365608813333332,11,Clear-Sky,0.09772798292249965,2020-05-15
2020-05-15 11:15:00,4135001,160301.22619000002,15683.7136904,2170.5800865454544,6854971.693727273,2020-05-15 11:15:00,HmiyD2TTLFNqkNe,30.21606228571428,50.006988571428565,0.5857872135714286,11,Clear-Sky,0.09783901260874066,2020-05-15
2020-05-15 11:30:00,4135001,155409.160714,15207.2839286,2351.1842532272726,6855153.227136364,2020-05-15 11:30:00,HmiyD2TTLFNqkNe,30.2870728,49.8413636,0.5570693833333333,11,Clear-Sky,0.09785320156632218,2020-05-15
2020-05-15 11:45:00,4135001,167668.196427,16401.5892857,2512.3230519090907,6855314.678590909,2020-05-15 11:45:00,HmiyD2TTLFNqkNe,30.811049333333333,47.8363832,0.4679868693333333,11,Clear-Sky,0.09782170760595606,2020-05-15
2020-05-15 12:00:00,4135001,155821.696428,15250.8083332,2710.0430195000004,6855511.8915,2020-05-15 12:00:00,HmiyD2TTLFNqkNe,31.305375066666663,49.183583533333326,0.5149625866666667,12,Clear-Sky,0.09787345846441153,2020-05-15
2020-05-15 12:15:00,4135001,209569.398819,20477.0178565,2906.0137987272724,6855708.7378181815,2020-05-15 12:15:00,HmiyD2TTLFNqkNe,31.50729773333333,49.84449266666666,0.7878660286666666,12,Clear-Sky,0.09770996133927694,2020-05-15
2020-05-15 12:30:00,4135001,197884.50001,19341.707142,3143.775974045455,6855944.768363637,2020-05-15 12:30:00,HmiyD2TTLFNqkNe,32.147684733333335,52.35325513333333,0.6492476293333334,12,Clear-Sky,0.09774240600462682,2020-05-15
2020-05-15 12:45:00,4135001,209419.238093,20470.8976196,3358.145292227273,6856159.755681818,2020-05-15 12:45:00,HmiyD2TTLFNqkNe,32.39142040000001,50.631239933333326,0.761243312,12,Clear-Sky,0.0977507979019061,2020-05-15
2020-05-15 13:00:00,4135001,129842.357143,12721.8767857,3543.696428545454,6856345.147772727,2020-05-15 13:00:00,HmiyD2TTLFNqkNe,32.622796071428574,49.610767714285714,0.4160351014285714,13,Clear-Sky,0.0979794041453587,2020-05-15
2020-05-15 13:15:00,4135001,149740.553574,14665.9857143,3704.172889636364,6856506.446681818,2020-05-15 13:15:00,HmiyD2TTLFNqkNe,32.49706446666666,47.01116133333333,0.489243946,13,Clear-Sky,0.097942643888065,2020-05-15
2020-05-15 13:30:00,4135001,175573.464286,17185.6589285,3884.042207818182,6856685.603863636,2020-05-15 13:30:00,HmiyD2TTLFNqkNe,32.52462140000001,46.66986293333333,0.574561224,13,Clear-Sky,0.09788300867895082,2020-05-15
2020-05-15 13:45:00,4135001,170970.589284,16736.7428575,4073.566558545455,6856874.882499999,2020-05-15 13:45:00,HmiyD2TTLFNqkNe,32.67847086666667,47.516884133333335,0.560985624,13,Clear-Sky,0.09789252600456634,2020-05-15
2020-05-15 14:00:00,4135001,222438.714294,21747.0660709,4288.7199675,6857089.345,2020-05-15 14:00:00,HmiyD2TTLFNqkNe,33.763185400000005,49.80390433333333,0.7350834633333333,14,Clear-Sky,0.09776655174403065,2020-05-15
2020-05-15 14:15:00,4135001,259813.28571999999,25352.546429,4557.521103954546,6857358.783363637,2020-05-15 14:15:00,HmiyD2TTLFNqkNe,34.13076993333335,55.030613,0.8936614913333333,14,Clear-Sky,0.0975798691692863,2020-05-15
2020-05-15 14:30:00,4135001,142901.932142,13989.1960714,4802.250324636364,6857603.648863637,2020-05-15 14:30:00,HmiyD2TTLFNqkNe,34.08138426666667,54.51913673333334,0.466788824,14,Clear-Sky,0.09789368038424488,2020-05-15
2020-05-15 14:45:00,4135001,160715.529762,15723.0553573,4952.359036818182,6857754.874181818,2020-05-15 14:45:00,HmiyD2TTLFNqkNe,33.69572221428571,47.618194642857134,0.5421384957142857,14,Clear-Sky,0.09783158715641183,2020-05-15
2020-05-15 15:00:00,4135001,128604.375,12603.7660715,5120.801136363636,6857922.7102272725,2020-05-15 15:00:00,HmiyD2TTLFNqkNe,33.89057606666666,46.02908119999999,0.3988885433333333,15,Clear-Sky,0.09800417809658497,2020-05-15
2020-05-15 15:15:00,4135001,143255.142856,14031.0267857,5272.090909045455,6858074.000045454,2020-05-15 15:15:00,HmiyD2TTLFNqkNe,34.043744000000004,44.28609193333333,0.4472921486666666,15,Clear-Sky,0.09794431464009626,2020-05-15
2020-05-15 15:30:00,4135001,166946.32143,16342.9196427,5445.205627727272,6858247.811681818,2020-05-15 15:30:00,HmiyD2TTLFNqkNe,34.40285233333333,46.7442812,0.5651963973333332,15,Clear-Sky,0.09789325995752789,2020-05-15
2020-05-15 15:45:00,4135001,107547.160714,10543.7660713,5584.471861454545,6858386.070363637,2020-05-15 15:45:00,HmiyD2TTLFNqkNe,34.430942666666674,43.9206158,0.3462306933333333,15,Clear-Sky,0.09803853492087088,2020-05-15
2020-05-15 16:00:00,4135001,109120.678571,10704.0232143,5722.171266272728,6858524.080318182,2020-05-15 16:00:00,HmiyD2TTLFNqkNe,34.38115033333334,43.332853333333325,0.3581823699999999,16,Clear-Sky,0.0980934443817206,2020-05-15
2020-05-15 16:15:00,4135001,99493.017857,9763.4464286,5827.660714272727,6858629.569818183,2020-05-15 16:15:00,HmiyD2TTLFNqkNe,34.12625693333333,41.007431933333336,0.3288961193333332,16,Clear-Sky,0.09813197588028612,2020-05-15
2020-05-15 16:30:00,4135001,104079.607143,10210.6642856,5946.182629818182,6858747.728136363,2020-05-15 16:30:00,HmiyD2TTLFNqkNe,34.35660993333333,41.28059066666666,0.344954196,16,Clear-Sky,0.09810436997106527,2020-05-15
2020-05-15 16:45:00,4135001,77777.196429,7643.7595239,6048.143939409091,6858850.295454546,2020-05-15 16:45:00,HmiyD2TTLFNqkNe,33.86159653333333,39.419075933333325,0.260346758,16,Cloud-Affected,0.09827764273912486,2020-05-15
2020-05-15 17:00:00,4135001,49913.767857,4894.9928571,6119.1290583636355,6858921.1031818185,2020-05-15 17:00:00,HmiyD2TTLFNqkNe,33.443313571428575,36.82670364285714,0.1668127414285714,17,Cloud-Affected,0.09806899112733516,2020-05-15
2020-05-15 17:15:00,4135001,49718.660716,4875.0053572,6175.422889636364,6858977.331954545,2020-05-15 17:15:00,HmiyD2TTLFNqkNe,33.30025473333334,35.852207400000005,0.1738986373333333,17,Cloud-Affected,0.09805182374172784,2020-05-15
2020-05-15 17:30:00,4135001,26248.833333,2558.0166667,6211.215909090909,6859013.1477272725,2020-05-15 17:30:00,HmiyD2TTLFNqkNe,33.03212220000001,34.3384004,0.08716189,17,Cloud-Affected,0.09745258519677005,2020-05-15
2020-05-15 17:45:00,4135001,11391.25,1102.00535715,6232.811688318182,6859034.688318182,2020-05-15 17:45:00,HmiyD2TTLFNqkNe,32.311871133333334,31.54853933333333,0.0384030336,17,Cloud-Affected,0.09674138985185998,2020-05-15
2020-05-16 08:00:00,4135001,92338.64285799999,9070.4714286,332.4512987,6859383.133136363,2020-05-16 08:00:00,HmiyD2TTLFNqkNe,23.8905234,30.79129613333333,0.2980529893333333,8,Cloud-Affected,0.09823050402147163,2020-05-16
2020-05-16 08:15:00,4135001,105235.303573,10321.0410714,442.65584415000006,6859493.337681818,2020-05-16 08:15:00,HmiyD2TTLFNqkNe,24.42785433333333,33.0092104,0.3386504113333334,8,Clear-Sky,0.0980758426210123,2020-05-16
2020-05-16 08:30:00,4135001,130559.589285,12793.2142858,571.870941559091,6859622.552772728,2020-05-16 08:30:00,HmiyD2TTLFNqkNe,25.166898466666662,36.606188800000005,0.4275489526666667,8,Clear-Sky,0.09798755002111373,2020-05-16
2020-05-16 08:45:00,4135001,142487.017858,13958.0767856,726.39935065,6859777.081090909,2020-05-16 08:45:00,HmiyD2TTLFNqkNe,25.757175666666665,38.892010733333336,0.4700814853333333,8,Clear-Sky,0.09796034049579427,2020-05-16
2020-05-16 09:00:00,4135001,140956.303572,13808.6267858,886.4431818136363,6859937.125,2020-05-16 09:00:00,HmiyD2TTLFNqkNe,25.999422266666667,38.70590013333334,0.4611857686666666,9,Clear-Sky,0.09796388267763137,2020-05-16
2020-05-16 09:15:00,4135001,127605.142857,12505.0464286,1032.7207792454547,6860083.402590909,2020-05-16 09:15:00,HmiyD2TTLFNqkNe,26.297007333333337,39.343784466666655,0.41958991,9,Clear-Sky,0.09799798149682502,2020-05-16
2020-05-16 09:30:00,4135001,129779.410713,12717.1303571,1176.6282467727272,6860227.310045455,2020-05-16 09:30:00,HmiyD2TTLFNqkNe,26.59366866666667,39.879952333333335,0.420493884,9,Clear-Sky,0.09799035368732897,2020-05-16
2020-05-16 09:45:00,4135001,161148.232142,15778.1428572,1334.4488636818182,6860385.130636364,2020-05-16 09:45:00,HmiyD2TTLFNqkNe,27.030969466666665,41.825665333333326,0.5405936786666665,9,Clear-Sky,0.09791074123169205,2020-05-16
2020-05-16 10:00:00,4135001,161620.160715,15823.0624999,1527.5592532272726,6860578.241090909,2020-05-16 10:00:00,HmiyD2TTLFNqkNe,27.611354533333337,46.072651933333326,0.491453022,10,Clear-Sky,0.09790277667030842,2020-05-16
2020-05-16 10:15:00,4135001,156988.035715,15370.617857199999,1688.6972402727274,6860739.379045454,2020-05-16 10:15:00,HmiyD2TTLFNqkNe,27.93121328571429,44.468571,0.4697288307142857,10,Clear-Sky,0.09790948582288272,2020-05-16
2020-05-16 10:30:00,4135001,206873.089291,20231.7249999,1896.8141233636363,6860947.495954546,2020-05-16 10:30:00,HmiyD2TTLFNqkNe,28.2829874,48.962665,0.654436842,10,Clear-Sky,0.0977977612711185,2020-05-16
2020-05-16 10:45:00,4135001,183095.428571,17914.6571428,2115.0535714545454,6861165.735363636,2020-05-16 10:45:00,HmiyD2TTLFNqkNe,28.78232633333333,50.154118,0.5955213746666665,10,Clear-Sky,0.09784327922667456,2020-05-16
2020-05-16 11:00:00,4135001,177344.375001,17355.6821429,2311.7199675454544,6861362.401772726,2020-05-16 11:00:00,HmiyD2TTLFNqkNe,29.1554974,49.15606886666666,0.5752638966666666,11,Clear-Sky,0.09786429449934421,2020-05-16
2020-05-16 11:15:00,4135001,167348.357146,16382.2249999,2506.880681818182,6861557.5625,2020-05-16 11:15:00,HmiyD2TTLFNqkNe,29.3643758,48.12385466666667,0.5423748746666666,11,Clear-Sky,0.09789295383167478,2020-05-16
2020-05-16 11:30:00,4135001,157634.875001,15434.8267857,2689.764610409091,6861740.446409091,2020-05-16 11:30:00,HmiyD2TTLFNqkNe,29.6892496,46.51825533333333,0.4934305533333333,11,Clear-Sky,0.09791505075004553,2020-05-16
2020-05-16 11:45:00,4135001,194969.017857,19073.228571300002,2875.715097409091,6861926.396909091,2020-05-16 11:45:00,HmiyD2TTLFNqkNe,29.8473918,47.0438902,0.62278731,11,Clear-Sky,0.09782697159242634,2020-05-16
2020-05-16 12:00:00,4135001,198417.839286,19409.3839285,3096.257305227273,6862146.9390909085,2020-05-16 12:00:00,HmiyD2TTLFNqkNe,30.089862066666665,50.091819333333326,0.6620043019999999,12,Clear-Sky,0.09782076046359552,2020-05-16
2020-05-16 12:15:00,4135001,164938.357143,16146.9214285,3306.363636409091,6862357.045409092,2020-05-16 12:15:00,HmiyD2TTLFNqkNe,30.376898714285712,48.67528185714285,0.5404251285714285,12,Clear-Sky,0.09789670339993002,2020-05-16
2020-05-16 12:30:00,4135001,228677.553569,22351.071427900002,3518.646104,6862569.327818182,2020-05-16 12:30:00,HmiyD2TTLFNqkNe,30.8864686,50.44957046666666,0.76711941,12,Clear-Sky,0.09774055686298876,2020-05-16
2020-05-16 12:45:00,4135001,245404.19643,23955.614285,3783.261363727273,6862833.943090909,2020-05-16 12:45:00,HmiyD2TTLFNqkNe,31.2210448,54.23274553333334,0.8122406413333334,12,Clear-Sky,0.09761697083217233,2020-05-16
2020-05-16 13:00:00,4135001,191385.517857,18721.417857200002,4029.8725649545454,6863080.554363637,2020-05-16 13:00:00,HmiyD2TTLFNqkNe,31.31397713333333,52.8518024,0.636164586,13,Clear-Sky,0.09782045196955982,2020-05-16
2020-05-16 13:15:00,4135001,233783.17858,22843.682144,4268.255681818182,6863318.9375,2020-05-16 13:15:00,HmiyD2TTLFNqkNe,31.66299653333333,52.0534832,0.7332435986666667,13,Clear-Sky,0.09771311299107412,2020-05-16
2020-05-16 13:30:00,4135001,185596.839283,18158.7285714,4500.233766227273,6863550.915590909,2020-05-16 13:30:00,HmiyD2TTLFNqkNe,31.617256666666663,49.747872,0.5838647386666667,13,Clear-Sky,0.09783964339883708,2020-05-16
2020-05-16 13:45:00,4135001,155359.857143,15212.2035714,4686.034902590909,6863736.716727273,2020-05-16 13:45:00,HmiyD2TTLFNqkNe,31.3661072,47.2997298,0.5023924839999999,13,Clear-Sky,0.0979159214686843,2020-05-16
2020-05-16 14:00:00,4135001,138304.017858,13548.9964284,4853.424513,6863904.106318181,2020-05-16 14:00:00,HmiyD2TTLFNqkNe,31.423628733333334,46.57489593333333,0.435684946,14,Clear-Sky,0.09796531321534761,2020-05-16
2020-05-16 14:15:00,4135001,187844.482144,18380.15,5029.784902590909,6864080.466727273,2020-05-16 14:15:00,HmiyD2TTLFNqkNe,31.98976833333333,47.82889013333333,0.5959771373333332,14,Clear-Sky,0.09784769714933618,2020-05-16
2020-05-16 14:30:00,4135001,163898.142858,16046.5160714,5236.1022728181815,6864286.784,2020-05-16 14:30:00,HmiyD2TTLFNqkNe,32.24326421428572,48.35548621428571,0.5345009864285714,14,Clear-Sky,0.09790541730117447,2020-05-16
2020-05-16 14:45:00,4135001,160488.732143,15714.4446429,5413.642857136364,6864464.3246818185,2020-05-16 14:45:00,HmiyD2TTLFNqkNe,32.3501976,46.20359726666666,0.5149644066666667,14,Clear-Sky,0.09791618659494415,2020-05-16
2020-05-16 15:00:00,4135001,157761.053571,15448.5982142,5587.6185065,6864638.3003181815,2020-05-16 15:00:00,HmiyD2TTLFNqkNe,32.436879733333335,45.77020906666667,0.5036263826666665,15,Clear-Sky,0.09792403045310162,2020-05-16
2020-05-16 15:15:00,4135001,130584.214286,12795.3446429,5752.643668818182,6864803.3255,2020-05-16 15:15:00,HmiyD2TTLFNqkNe,32.52414946666667,45.840537533333325,0.419735824,15,Clear-Sky,0.09798538600443832,2020-05-16
2020-05-16 15:30:00,4135001,111366.892859,10918.8928573,5885.983766227273,6864936.665590909,2020-05-16 15:30:00,HmiyD2TTLFNqkNe,32.328025399999994,43.170092666666655,0.349962358,15,Clear-Sky,0.0980443341552525,2020-05-16
2020-05-16 15:45:00,4135001,84875.464285,8340.4500001,5994.359577909091,6865045.041409091,2020-05-16 15:45:00,HmiyD2TTLFNqkNe,32.103391466666665,39.814438866666656,0.261408532,15,Cloud-Affected,0.09826691459494029,2020-05-16
2020-05-16 16:00:00,4135001,74288.82143,7303.142857,6082.580357181819,6865133.262136363,2020-05-16 16:00:00,HmiyD2TTLFNqkNe,32.029101733333334,37.712012,0.2276812526666666,16,Cloud-Affected,0.09830742656055622,2020-05-16
2020-05-16 16:15:00,4135001,62692.464284,6150.5053572,6158.726461045455,6865209.408272727,2020-05-16 16:15:00,HmiyD2TTLFNqkNe,31.9597596,36.301157466666666,0.191869824,16,Cloud-Affected,0.09810597537429543,2020-05-16
2020-05-16 16:30:00,4135001,57192.375001,5608.7553573,6226.525162363637,6865277.206954545,2020-05-16 16:30:00,HmiyD2TTLFNqkNe,31.90710457142857,35.77269607142857,0.1755969835714285,16,Cloud-Affected,0.09806823649484624,2020-05-16
2020-05-16 16:45:00,4135001,48707.750001,4775.5607142,6285.038149227273,6865335.72009091,2020-05-16 16:45:00,HmiyD2TTLFNqkNe,31.88745533333333,34.781236066666665,0.150128168,16,Cloud-Affected,0.09804519227642325,2020-05-16
2020-05-16 17:00:00,4135001,43256.571428,4240.2982144,6337.012987,6865387.694818183,2020-05-16 17:00:00,HmiyD2TTLFNqkNe,31.747082466666665,33.73915806666666,0.1337432077333333,17,Cloud-Affected,0.0980266829852181,2020-05-16
2020-05-16 17:15:00,4135001,35250.160716,3448.0714285,6380.866883090909,6865431.548727273,2020-05-16 17:15:00,HmiyD2TTLFNqkNe,31.540801866666666,32.74589640000001,0.109053603,17,Cloud-Affected,0.09781718319754852,2020-05-16
2020-05-16 17:30:00,4135001,25881.785715,2516.7553571,6415.098214318182,6865465.78,2020-05-16 17:30:00,HmiyD2TTLFNqkNe,31.300166866666668,31.599767866666667,0.0795873111333333,17,Cloud-Affected,0.09724040623832975,2020-05-16
2020-05-16 17:45:00,4135001,16533.9107144,1603.10178571,6438.645292227273,6865489.32709091,2020-05-16 17:45:00,HmiyD2TTLFNqkNe,31.0485982,30.124161733333327,0.0504507636666666,17,Cloud-Affected,0.09695841554979481,2020-05-16
2020-05-17 08:00:00,4135001,111470.267857,10929.7982145,367.12824675,6865877.537363636,2020-05-17 08:00:00,HmiyD2TTLFNqkNe,25.0617614,34.63271466666667,0.3787024119999999,8,Clear-Sky,0.09805124204528985,2020-05-17
2020-05-17 08:15:00,4135001,113588.17857,11135.2946429,490.6663961,6866001.075545454,2020-05-17 08:15:00,HmiyD2TTLFNqkNe,25.646803733333336,37.81797673333334,0.3835502693333333,8,Clear-Sky,0.09803216129606082,2020-05-17
2020-05-17 08:30:00,4135001,123013.892857,12057.8107142,617.3206168818182,6866127.729727272,2020-05-17 08:30:00,HmiyD2TTLFNqkNe,26.14622593333333,40.326182133333326,0.4169753466666666,8,Clear-Sky,0.09801991006184031,2020-05-17
2020-05-17 08:45:00,4135001,164801.160715,16134.9196428,775.6956168909092,6866286.104681819,2020-05-17 08:45:00,HmiyD2TTLFNqkNe,27.030932600000003,44.45619293333334,0.561811632,8,Clear-Sky,0.09790537622913367,2020-05-17
2020-05-17 09:00:00,4135001,169528.375,16595.9624999,969.4439934999999,6866479.853090909,2020-05-17 09:00:00,HmiyD2TTLFNqkNe,27.683191,48.176432,0.5760844593333334,9,Clear-Sky,0.09789489517551266,2020-05-17
2020-05-17 09:15:00,4135001,142848.482143,13991.1553571,1129.8652597272726,6866640.274363637,2020-05-17 09:15:00,HmiyD2TTLFNqkNe,27.985940285714285,45.11740971428571,0.4417064292857143,9,Clear-Sky,0.09794402535613927,2020-05-17
2020-05-17 09:30:00,4135001,183590.821428,17965.3107143,1325.2564935,6866835.665590909,2020-05-17 09:30:00,HmiyD2TTLFNqkNe,28.59910273333333,46.90497853333333,0.626964662,9,Clear-Sky,0.09785516821899276,2020-05-17
2020-05-17 09:45:00,4135001,227299.58929,22218.2303581,1547.1826298181818,6867057.591772727,2020-05-17 09:45:00,HmiyD2TTLFNqkNe,29.23562,49.9406148,0.7723580713333332,9,Clear-Sky,0.09774866038034451,2020-05-17
2020-05-17 10:00:00,4135001,216354.160702,21149.9892858,1804.8384740000001,6867315.247590909,2020-05-17 10:00:00,HmiyD2TTLFNqkNe,30.091312666666663,52.08946933333333,0.7535374446666667,10,Clear-Sky,0.09775633256682031,2020-05-17
2020-05-17 10:15:00,4135001,213328.357147,20861.5571429,2033.6306818181818,6867544.091727273,2020-05-17 10:15:00,HmiyD2TTLFNqkNe,30.02618813333333,48.932501133333325,0.7175451686666666,10,Clear-Sky,0.09779083016387151,2020-05-17
2020-05-17 10:30:00,4135001,225160.44644,21990.9107148,2279.8904220909094,6867790.2995,2020-05-17 10:30:00,HmiyD2TTLFNqkNe,30.158901066666665,50.718400200000005,0.685881602,10,Clear-Sky,0.09766773455328027,2020-05-17
2020-05-17 10:45:00,4135001,252507.32143,24634.428573,2551.939935090909,6868062.394454545,2020-05-17 10:45:00,HmiyD2TTLFNqkNe,31.06742553333333,55.4462772,0.8551090753333334,10,Clear-Sky,0.09755926455316326,2020-05-17
2020-05-17 11:00:00,4135001,243104.78571,23719.482142,2811.5738636363635,6868321.982954546,2020-05-17 11:00:00,HmiyD2TTLFNqkNe,31.16485806666667,55.28936173333333,0.8123890526666666,11,Clear-Sky,0.09756896423378107,2020-05-17
2020-05-17 11:15:00,4135001,277243.94643,27034.6321414,3106.9074674999997,6868617.316590909,2020-05-17 11:15:00,HmiyD2TTLFNqkNe,31.53113,60.208569533333325,0.997903636,11,Clear-Sky,0.09751207371528973,2020-05-17
2020-05-17 11:30:00,4135001,268838.82143,26224.062501,3418.5438311818184,6868927.521090909,2020-05-17 11:30:00,HmiyD2TTLFNqkNe,32.317808071428566,63.145581571428565,0.97745754,11,Clear-Sky,0.0975456682986099,2020-05-17
2020-05-17 11:45:00,4135001,236420.660706,23074.4815471,3695.4558981818186,6869205.865045454,2020-05-17 11:45:00,HmiyD2TTLFNqkNe,32.5278644,61.80199160000001,0.869908956,11,Clear-Sky,0.09759926005703107,2020-05-17
2020-05-17 12:00:00,4135001,179601.339283,17569.6803573,3911.6347403181817,6869422.043772727,2020-05-17 12:00:00,HmiyD2TTLFNqkNe,32.495967666666665,56.101076266666674,0.635450962,12,Clear-Sky,0.09782599855569697,2020-05-17
2020-05-17 12:15:00,4135001,232526.089289,22708.0482142,4139.642857136364,6869650.051954546,2020-05-17 12:15:00,HmiyD2TTLFNqkNe,32.98554906666667,55.0942282,0.7835893886666667,12,Clear-Sky,0.09765806617070319,2020-05-17
2020-05-17 12:30:00,4135001,183652.232143,17951.9339283,4373.861201318182,6869884.270272728,2020-05-17 12:30:00,HmiyD2TTLFNqkNe,33.10833713333334,56.4158632,0.6696705126666667,12,Clear-Sky,0.09774960924145919,2020-05-17
2020-05-17 12:45:00,4135001,230469.857144,22497.8178564,4592.754058454546,6870103.163136363,2020-05-17 12:45:00,HmiyD2TTLFNqkNe,33.64918780000001,56.556677533333335,0.8371243526666667,12,Clear-Sky,0.09761718141884006,2020-05-17
2020-05-17 13:00:00,4135001,129220.892857,12658.4035713,4820.159090909091,6870330.568181818,2020-05-17 13:00:00,HmiyD2TTLFNqkNe,33.88692626666666,53.80755813333333,0.4224988753333333,13,Clear-Sky,0.09795941887902133,2020-05-17
2020-05-17 13:15:00,4135001,141976.303573,13890.5089286,4933.2857143636365,6870443.694727273,2020-05-17 13:15:00,HmiyD2TTLFNqkNe,33.053440333333334,43.3909484,0.4517712339999999,13,Clear-Sky,0.09783681205263885,2020-05-17
2020-05-17 13:30:00,4135001,225256.089284,21993.3232134,5173.957792181818,6870684.36690909,2020-05-17 13:30:00,HmiyD2TTLFNqkNe,33.727413,54.2896504,0.7428897426666667,13,Clear-Sky,0.09763697524585495,2020-05-17
2020-05-17 13:45:00,4135001,186896.553571,18266.875,5381.596590863636,6870892.0057272725,2020-05-17 13:45:00,HmiyD2TTLFNqkNe,34.05229864285714,52.027917142857135,0.6250849942857142,13,Clear-Sky,0.0977378911006008,2020-05-17
2020-05-17 14:00:00,4135001,195425.267851,19093.9589284,5624.824675318182,6871135.233772728,2020-05-17 14:00:00,HmiyD2TTLFNqkNe,34.48483913333333,55.32990506666666,0.6977725753333333,14,Clear-Sky,0.09770465783860659,2020-05-17
2020-05-17 14:15:00,4135001,127088.571429,12450.1464286,5780.064123409091,6871290.473181818,2020-05-17 14:15:00,HmiyD2TTLFNqkNe,34.304164533333335,47.853904533333335,0.4311784306666666,14,Clear-Sky,0.09796432746555395,2020-05-17
2020-05-17 14:30:00,4135001,87466.928572,8580.1267855,5905.830357181819,6871416.23940909,2020-05-17 14:30:00,HmiyD2TTLFNqkNe,34.02411533333334,44.905969266666666,0.3150899026666667,14,Clear-Sky,0.09809566799224134,2020-05-17
2020-05-17 14:45:00,4135001,209780.767856,20508.2392859,6059.728896136364,6871570.137954545,2020-05-17 14:45:00,HmiyD2TTLFNqkNe,34.147082733333335,47.63582766666666,0.6598271179999999,14,Clear-Sky,0.0977603404520737,2020-05-17
2020-05-17 15:00:00,4135001,203799.660711,19932.6107144,6307.818181818182,6871818.2272727275,2020-05-17 15:00:00,HmiyD2TTLFNqkNe,35.109771733333325,54.05481966666666,0.6836362013333332,15,Clear-Sky,0.09780492590056676,2020-05-17
2020-05-17 15:15:00,4135001,157427.55357,15414.2660713,6504.491071409091,6872014.900181818,2020-05-17 15:15:00,HmiyD2TTLFNqkNe,35.25248613333334,49.98867166666666,0.5102416726666666,15,Clear-Sky,0.09791339395010076,2020-05-17
2020-05-17 15:30:00,4135001,174269.928572,17053.4535714,6694.6631492727265,6872205.072318181,2020-05-17 15:30:00,HmiyD2TTLFNqkNe,34.98165257142857,49.41860521428572,0.5909004857142856,15,Clear-Sky,0.09785654766223381,2020-05-17
2020-05-17 15:45:00,4135001,92518.624999,9080.1107143,6832.725649227273,6872343.134863636,2020-05-17 15:45:00,HmiyD2TTLFNqkNe,34.6127872,43.38971593333332,0.289312882,15,Cloud-Affected,0.0981435977285454,2020-05-17
2020-05-17 16:00:00,4135001,140131.178571,13724.5607143,6970.577110409091,6872480.986181819,2020-05-17 16:00:00,HmiyD2TTLFNqkNe,34.73750799999999,44.045326466666666,0.4533658826666666,16,Clear-Sky,0.09794080699425647,2020-05-17
2020-05-17 16:15:00,4135001,102908.54762,10094.6898811,7097.389880999999,6872607.798863635,2020-05-17 16:15:00,HmiyD2TTLFNqkNe,31.03193885714285,39.526938357142846,0.3384331157142856,16,Clear-Sky,0.09809379409741202,2020-05-17
2020-05-17 16:30:00,4135001,93120.178572,9136.1446428,7205.170454499999,6872715.579590908,2020-05-17 16:30:00,HmiyD2TTLFNqkNe,29.56562293333333,36.276623400000005,0.2913128866666666,16,Cloud-Affected,0.09811133078676372,2020-05-17
2020-05-17 16:45:00,4135001,81902.267858,8045.3589286,7304.6444805,6872815.053590909,2020-05-17 16:45:00,HmiyD2TTLFNqkNe,29.363769533333336,35.604502399999994,0.257869254,16,Cloud-Affected,0.0982312106735412,2020-05-17
2020-05-17 17:00:00,4135001,44835.803573,4395.6089285,7374.358766181817,6872884.767909091,2020-05-17 17:00:00,HmiyD2TTLFNqkNe,28.750748666666663,32.94330453333333,0.1410015502666666,17,Cloud-Affected,0.09803792010425846,2020-05-17
2020-05-17 17:15:00,4135001,36720.339286,3597.6303569,7418.665584363636,6872929.074727273,2020-05-17 17:15:00,HmiyD2TTLFNqkNe,28.2966472,30.6336732,0.1170341706666666,17,Cloud-Affected,0.09797377766255098,2020-05-17
2020-05-17 17:30:00,4135001,30144.785715,2934.0232143,7456.080357181819,6872966.48940909,2020-05-17 17:30:00,HmiyD2TTLFNqkNe,27.601739071428568,29.47836742857143,0.0945128417142857,17,Cloud-Affected,0.0973310356901968,2020-05-17
2020-05-17 17:45:00,4135001,19238.3214285,1867.34285714,7484.377434999999,6872994.78659091,2020-05-17 17:45:00,HmiyD2TTLFNqkNe,26.728900000000003,27.917517000000004,0.0617229363333333,17,Cloud-Affected,0.09706371026599464,2020-05-17
2020-05-18 08:00:00,4135001,27942.714286000002,2718.2392857,306.6152597409091,6873321.8425,2020-05-18 08:00:00,HmiyD2TTLFNqkNe,23.232289466666664,26.9630168,0.0829558039333333,8,Cloud-Affected,0.09727899937988149,2020-05-18
2020-05-18 08:15:00,4135001,30378.553571,2958.9553572,337.81331169090913,6873353.040590909,2020-05-18 08:15:00,HmiyD2TTLFNqkNe,23.337219066666663,26.20634773333333,0.0897481783333333,8,Cloud-Affected,0.09740277298866133,2020-05-18
2020-05-18 08:30:00,4135001,40084.678570000004,3928.7928572,377.11444805454545,6873392.341681818,2020-05-18 08:30:00,HmiyD2TTLFNqkNe,23.50864866666667,26.8290996,0.1180922946666666,8,Cloud-Affected,0.09801233282534963,2020-05-18
2020-05-18 08:45:00,4135001,42335.142856,4149.9160714,423.17857141818183,6873438.405954545,2020-05-18 08:45:00,HmiyD2TTLFNqkNe,23.5459355,27.599182000000003,0.1246440646428571,8,Cloud-Affected,0.09802532344146438,2020-05-18
2020-05-18 09:00:00,4135001,38993.053572,3821.5053571,470.00324675454544,6873485.230545455,2020-05-18 09:00:00,HmiyD2TTLFNqkNe,23.7412598,27.860758533333332,0.1154349828,9,Cloud-Affected,0.09800477282559204,2020-05-18
2020-05-18 09:15:00,4135001,37807.107143,3705.2410715,511.7280844045454,6873526.955454546,2020-05-18 09:15:00,HmiyD2TTLFNqkNe,23.763322,27.507177666666667,0.1104082978666666,9,Cloud-Affected,0.09800382392351399,2020-05-18
2020-05-18 09:30:00,4135001,32844.732142,3203.3714285,551.4902597409091,6873566.717545455,2020-05-18 09:30:00,HmiyD2TTLFNqkNe,23.76201373333333,27.197131266666663,0.0963806904,9,Cloud-Affected,0.09753075210510571,2020-05-18
2020-05-18 09:45:00,4135001,33617.946427,3284.105357,586.8287337681818,6873602.056,2020-05-18 09:45:00,HmiyD2TTLFNqkNe,23.76213573333333,26.630550000000003,0.0992951618,9,Cloud-Affected,0.09768905320053682,2020-05-18
2020-05-18 10:00:00,4135001,38515.714285,3775.05,627.3928571454545,6873642.620181818,2020-05-18 10:00:00,HmiyD2TTLFNqkNe,23.8746256,26.81340946666667,0.112813087,10,Cloud-Affected,0.09801324135043235,2020-05-18
2020-05-18 10:15:00,4135001,48692.642857,4774.0821429,674.2435065,6873689.470772727,2020-05-18 10:15:00,HmiyD2TTLFNqkNe,23.838385,27.240083733333336,0.1422467350666666,10,Cloud-Affected,0.09804524590954058,2020-05-18
2020-05-18 10:30:00,4135001,70514.946428,6927.0553572,739.7240259772727,6873754.951272727,2020-05-18 10:30:00,HmiyD2TTLFNqkNe,24.006947666666665,28.83434853333333,0.20888875,10,Cloud-Affected,0.0982352778821571,2020-05-18
2020-05-18 10:45:00,4135001,124139.857143,12167.5482142,845.0381493545455,6873860.265409091,2020-05-18 10:45:00,HmiyD2TTLFNqkNe,24.324541357142856,32.964675928571424,0.374390925,10,Clear-Sky,0.09801483982846765,2020-05-18
2020-05-18 11:00:00,4135001,141221.107143,13834.6339287,999.0454544954545,6874014.272772727,2020-05-18 11:00:00,HmiyD2TTLFNqkNe,24.86980793333333,37.53728039999999,0.4349046853333333,11,Clear-Sky,0.09796434972493946,2020-05-18
2020-05-18 11:15:00,4135001,156460.589286,15321.2107143,1161.7751624090909,6874177.002363636,2020-05-18 11:15:00,HmiyD2TTLFNqkNe,25.1295838,39.552423133333335,0.4847505873333333,11,Clear-Sky,0.09792376971234462,2020-05-18
2020-05-18 11:30:00,4135001,114715.142857,11245.5267856,1315.1452921818181,6874330.372590909,2020-05-18 11:30:00,HmiyD2TTLFNqkNe,25.289666666666665,38.92812506666666,0.3514650546666666,11,Clear-Sky,0.0980300116055148,2020-05-18
2020-05-18 11:45:00,4135001,136059.321432,13330.3035716,1450.525974,6874465.753272727,2020-05-18 11:45:00,HmiyD2TTLFNqkNe,25.215167266666665,37.6112162,0.4148831933333333,11,Clear-Sky,0.0979742029528072,2020-05-18
2020-05-18 12:00:00,4135001,179929.214286,17608.1660714,1622.525974090909,6874637.753181818,2020-05-18 12:00:00,HmiyD2TTLFNqkNe,25.70663053333333,41.3690166,0.5623129906666666,12,Clear-Sky,0.09786162931502371,2020-05-18
2020-05-18 12:15:00,4135001,188915.75,18485.182142999998,1836.0584414999998,6874851.285772727,2020-05-18 12:15:00,HmiyD2TTLFNqkNe,26.310502066666665,46.148805933333335,0.6032151686666668,12,Clear-Sky,0.09784881431537602,2020-05-18
2020-05-18 12:30:00,4135001,186530.017856,18252.9999999,2039.482954590909,6875054.710181818,2020-05-18 12:30:00,HmiyD2TTLFNqkNe,26.840596666666663,45.97044666666666,0.5932437233333331,12,Clear-Sky,0.09785556346212973,2020-05-18
2020-05-18 12:45:00,4135001,174851.910715,17113.6928571,2234.1939935454543,6875249.421227273,2020-05-18 12:45:00,HmiyD2TTLFNqkNe,26.93235466666667,44.0610454,0.5511298453333334,12,Clear-Sky,0.09787535513406241,2020-05-18
2020-05-18 13:00:00,4135001,177364.875,17358.6875,2443.9439935,6875459.171272728,2020-05-18 13:00:00,HmiyD2TTLFNqkNe,27.019004333333328,45.002500266666665,0.5673698246666667,13,Clear-Sky,0.09786992774076603,2020-05-18
2020-05-18 13:15:00,4135001,216198.017862,21126.5089285,2642.334415590909,6875657.561681818,2020-05-18 13:15:00,HmiyD2TTLFNqkNe,27.123125214285714,43.86432764285714,0.7228268242857143,13,Clear-Sky,0.09771832849080572,2020-05-18
2020-05-18 13:30:00,4135001,249168.625,24320.0875,2911.2037337272727,6875926.431045455,2020-05-18 13:30:00,HmiyD2TTLFNqkNe,27.371872999999997,49.5876018,0.8068469279999999,13,Clear-Sky,0.09760493521204767,2020-05-18
2020-05-18 13:45:00,4135001,283058.5,27601.919643,3213.292207818182,6876228.519454545,2020-05-18 13:45:00,HmiyD2TTLFNqkNe,27.86127913333333,52.84501126666667,0.97148052,13,Clear-Sky,0.09751312765029138,2020-05-18
2020-05-18 14:00:00,4135001,211026.249994,20617.3910709,3504.8141234090913,6876520.041363636,2020-05-18 14:00:00,HmiyD2TTLFNqkNe,28.367100066666666,53.9367392,0.7235532206666667,14,Clear-Sky,0.0977005991979017,2020-05-18
2020-05-18 14:15:00,4135001,109092.50000100001,10698.3214286,3664.1371753181816,6876679.364454546,2020-05-18 14:15:00,HmiyD2TTLFNqkNe,27.717987066666662,42.515350533333326,0.344136892,14,Clear-Sky,0.09806651629123847,2020-05-18
2020-05-18 14:30:00,4135001,144934.160714,14196.6125,3807.9399351363636,6876823.167136363,2020-05-18 14:30:00,HmiyD2TTLFNqkNe,27.390254733333336,39.45489506666667,0.453461884,14,Clear-Sky,0.09795214896241276,2020-05-18
2020-05-18 14:45:00,4135001,139421.55357,13657.8089286,3957.943181772727,6876973.170499999,2020-05-18 14:45:00,HmiyD2TTLFNqkNe,27.21775093333333,38.819875,0.4386813753333332,14,Clear-Sky,0.09796052747140536,2020-05-18
2020-05-18 15:00:00,4135001,171790.375,16816.5267857,4140.956168818182,6877156.183454546,2020-05-18 15:00:00,HmiyD2TTLFNqkNe,27.2929586,41.94669766666666,0.5478691779999999,15,Clear-Sky,0.09788980777124445,2020-05-18
2020-05-18 15:15:00,4135001,174604.571428,17090.8357142,4327.715909090909,6877342.943181818,2020-05-18 15:15:00,HmiyD2TTLFNqkNe,27.22515273333333,42.82454406666666,0.555787044,15,Clear-Sky,0.09788309420780304,2020-05-18
2020-05-18 15:30:00,4135001,165630.178572,16215.6071431,4522.107954499999,6877537.335272727,2020-05-18 15:30:00,HmiyD2TTLFNqkNe,27.56823728571429,43.82351471428571,0.52508064,15,Clear-Sky,0.09790249145961659,2020-05-18
2020-05-18 15:45:00,4135001,154637.589285,15143.7982143,4700.627435045454,6877715.854727272,2020-05-18 15:45:00,HmiyD2TTLFNqkNe,27.814182533333334,43.054219466666666,0.496169466,15,Clear-Sky,0.0979308994942342,2020-05-18
2020-05-18 16:00:00,4135001,130217.464287,12760.117857,4856.741071363636,6877871.968409091,2020-05-18 16:00:00,HmiyD2TTLFNqkNe,27.823516666666663,40.7451396,0.4127974533333334,16,Clear-Sky,0.09799083346360232,2020-05-18
2020-05-18 16:15:00,4135001,93451.303571,9176.6285715,4983.694805090909,6877998.922181818,2020-05-18 16:15:00,HmiyD2TTLFNqkNe,27.479427066666663,37.63392773333333,0.299364092,16,Cloud-Affected,0.09819690278079449,2020-05-18
2020-05-18 16:30:00,4135001,81507.714284,8010.3750001,5079.899350681819,6878095.1265909085,2020-05-18 16:30:00,HmiyD2TTLFNqkNe,27.230830933333333,34.6317082,0.2568065713333334,16,Cloud-Affected,0.09827750747848464,2020-05-18
2020-05-18 16:45:00,4135001,63732.375,6254.0428572,5161.463474,6878176.690772727,2020-05-18 16:45:00,HmiyD2TTLFNqkNe,27.048868933333328,32.782216333333324,0.1971915986666666,16,Cloud-Affected,0.09812976304743076,2020-05-18
2020-05-18 17:00:00,4135001,48874.107142,4791.9446428,5223.592532409091,6878238.819863636,2020-05-18 17:00:00,HmiyD2TTLFNqkNe,26.624064000000004,30.85439253333333,0.1492800746666666,17,Cloud-Affected,0.098046694313563,2020-05-18
2020-05-18 17:15:00,4135001,36544.785714,3576.0178571,5271.656655863637,6878286.883909091,2020-05-18 17:15:00,HmiyD2TTLFNqkNe,26.434037266666667,29.21453033333333,0.1109690122,17,Cloud-Affected,0.09785302573904703,2020-05-18
2020-05-18 17:30:00,4135001,25218.446428,2452.0303572,5306.098214318182,6878321.325454545,2020-05-18 17:30:00,HmiyD2TTLFNqkNe,26.11982735714286,27.814555357142854,0.0775804512142857,17,Cloud-Affected,0.0972316182997504,2020-05-18
2020-05-18 17:45:00,4135001,16172.4642856,1567.8125,5328.898538954545,6878344.125818182,2020-05-18 17:45:00,HmiyD2TTLFNqkNe,25.6725036,26.492338066666665,0.0509663638,17,Cloud-Affected,0.09694332739358615,2020-05-18
2020-05-19 08:00:00,4135001,40769.553573,3992.2071428,319.1209415545455,6878686.075499999,2020-05-19 08:00:00,HmiyD2TTLFNqkNe,25.179372266666665,30.782277533333332,0.1312115527333333,8,Cloud-Affected,0.0979212866692726,2020-05-19
2020-05-19 08:15:00,4135001,59409.678571,5829.2017858,366.79788961363636,6878733.752363636,2020-05-19 08:15:00,HmiyD2TTLFNqkNe,25.188796928571428,30.107465642857143,0.1940915442857143,8,Cloud-Affected,0.0981187228413224,2020-05-19
2020-05-19 08:30:00,4135001,93036.732143,9133.0910714,460.44074675909087,6878827.395272728,2020-05-19 08:30:00,HmiyD2TTLFNqkNe,25.61507166666667,33.972491733333335,0.2977888,8,Cloud-Affected,0.09816650758285651,2020-05-19
2020-05-19 08:45:00,4135001,87568.196429,8597.3196429,555.6095779272728,6878922.5641363645,2020-05-19 08:45:00,HmiyD2TTLFNqkNe,25.79166053333333,34.815734666666664,0.2735150473333333,8,Cloud-Affected,0.09817856246326459,2020-05-19
2020-05-19 09:00:00,4135001,122603.035715,12015.6892857,668.0738636318182,6879035.0285,2020-05-19 09:00:00,HmiyD2TTLFNqkNe,26.1215332,36.85808506666665,0.386892012,9,Clear-Sky,0.09800482684320619,2020-05-19
2020-05-19 09:15:00,4135001,135656.124999,13291.0714284,807.2443181909092,6879174.198818183,2020-05-19 09:15:00,HmiyD2TTLFNqkNe,26.495521866666664,39.636977133333325,0.4241181026666666,9,Clear-Sky,0.09797619848346677,2020-05-19
2020-05-19 09:30:00,4135001,183718.446428,17974.8910714,994.9107142363636,6879361.865363636,2020-05-19 09:30:00,HmiyD2TTLFNqkNe,27.322759933333337,45.7407144,0.6465474886666664,9,Clear-Sky,0.09783933742573005,2020-05-19
2020-05-19 09:45:00,4135001,153898.964285,15068.7267858,1184.7694805,6879551.7240454545,2020-05-19 09:45:00,HmiyD2TTLFNqkNe,27.51964326666667,46.130108666666665,0.5261106153333333,9,Clear-Sky,0.0979131136834343,2020-05-19
2020-05-19 10:00:00,4135001,142343.071429,13941.1571428,1341.6444805454546,6879708.599,2020-05-19 10:00:00,HmiyD2TTLFNqkNe,27.60525313333333,43.148862666666666,0.4921659633333334,10,Clear-Sky,0.09794053902900204,2020-05-19
2020-05-19 10:15:00,4135001,172335.232143,16859.5285713,1519.301948090909,6879886.256454545,2020-05-19 10:15:00,HmiyD2TTLFNqkNe,27.712921,43.051186571428566,0.5924935807142857,10,Clear-Sky,0.09782984223046355,2020-05-19
2020-05-19 10:30:00,4135001,153579.035714,15028.3714286,1714.965909090909,6880081.920454546,2020-05-19 10:30:00,HmiyD2TTLFNqkNe,27.89099326666667,44.39553446666666,0.5110362213333333,10,Clear-Sky,0.09785431558892148,2020-05-19
2020-05-19 10:45:00,4135001,183547.839287,17947.2732144,1895.5227272272728,6880262.477318182,2020-05-19 10:45:00,HmiyD2TTLFNqkNe,27.81567373333333,43.86323240000001,0.601559176,10,Clear-Sky,0.09777981197772202,2020-05-19
2020-05-19 11:00:00,4135001,227860.053575,22248.7232138,2121.792207818182,6880488.746727273,2020-05-19 11:00:00,HmiyD2TTLFNqkNe,28.1994974,48.014198666666665,0.813000858,11,Clear-Sky,0.09764205206103335,2020-05-19
2020-05-19 11:15:00,4135001,158922.482143,15549.0285715,2350.8060065,6880717.760545454,2020-05-19 11:15:00,HmiyD2TTLFNqkNe,28.478570533333333,47.685272,0.4994732739999999,11,Clear-Sky,0.09784033298390617,2020-05-19
2020-05-19 11:30:00,4135001,89116.25000100001,8755.2333332,2446.7575756818183,6880813.712045454,2020-05-19 11:30:00,HmiyD2TTLFNqkNe,28.08173375,40.725124125,0.283390025,11,Cloud-Affected,0.09824508249731956,2020-05-19
2020-05-19 12:30:00,4135001,216902.333333,21206.9666666,3501.568181818182,6881868.5227272725,2020-05-19 12:30:00,HmiyD2TTLFNqkNe,29.644663666666663,49.07784,0.73832813,12,Clear-Sky,0.09777196188130415,2020-05-19
2020-05-19 12:45:00,4135001,252043.0,24603.55,3693.4545454545455,6882060.409090909,2020-05-19 12:45:00,HmiyD2TTLFNqkNe,29.9514374,51.408309800000005,0.835832152,12,Clear-Sky,0.09761647814063473,2020-05-19
2020-05-19 13:00:00,4135001,215824.428591,21094.757143,3912.0844156363632,6882279.038909092,2020-05-19 13:00:00,HmiyD2TTLFNqkNe,30.105845400000003,51.84774173333333,0.7019433013333334,13,Clear-Sky,0.09774035905349623,2020-05-19
2020-05-19 13:15:00,4135001,169603.5,16601.5,4138.039772727273,6882504.994318182,2020-05-19 13:15:00,HmiyD2TTLFNqkNe,29.9082072,49.460659,0.5473548466666667,13,Clear-Sky,0.09788418281462352,2020-05-19
2020-05-19 13:30:00,4135001,167582.142857,16405.4285715,4314.519480545455,6882681.474,2020-05-19 13:30:00,HmiyD2TTLFNqkNe,29.60315553333333,44.5125144,0.5306936493333334,13,Clear-Sky,0.09789484900845888,2020-05-19
2020-05-19 13:45:00,4135001,221511.5,21658.1375,4538.846590909091,6882905.801136363,2020-05-19 13:45:00,HmiyD2TTLFNqkNe,29.98547573333333,48.13686326666668,0.7212584940000001,13,Clear-Sky,0.09777432548648717,2020-05-19
2020-05-19 14:00:00,4135001,198758.142857,19443.3142856,4773.454545500001,6883140.409045455,2020-05-19 14:00:00,HmiyD2TTLFNqkNe,29.9116638,49.188905600000005,0.6448023653333332,14,Clear-Sky,0.0978239885225172,2020-05-19
2020-05-19 14:15:00,4135001,209733.625,20507.975,5003.460227272727,6883370.4147727275,2020-05-19 14:15:00,HmiyD2TTLFNqkNe,30.111476357142852,49.456279,0.6824211164285713,14,Clear-Sky,0.09778105442081592,2020-05-19
2020-05-19 14:30:00,4135001,223393.142847,21840.585713599998,5242.837662272727,6883609.792272728,2020-05-19 14:30:00,HmiyD2TTLFNqkNe,30.299320466666668,50.359466600000005,0.730578768,14,Clear-Sky,0.09776748487109303,2020-05-19
2020-05-19 14:45:00,4135001,212843.553571,20814.4464286,5485.235389636364,6883852.189909091,2020-05-19 14:45:00,HmiyD2TTLFNqkNe,30.368632,50.099892,0.702796554,14,Clear-Sky,0.09779223321253538,2020-05-19
2020-05-19 15:00:00,4135001,162192.964287,15879.0696429,5700.711039,6884067.665545454,2020-05-19 15:00:00,HmiyD2TTLFNqkNe,30.22064013333333,46.65866706666667,0.5274703919999999,15,Clear-Sky,0.09790233326522123,2020-05-19
2020-05-19 15:15:00,4135001,133047.053571,13037.4642857,5867.836039000001,6884234.790545454,2020-05-19 15:15:00,HmiyD2TTLFNqkNe,30.035451333333327,43.3170714,0.4324710653333333,15,Clear-Sky,0.09799137925848626,2020-05-19
2020-05-19 15:30:00,4135001,143420.875002,14049.475,6011.3189935909095,6884378.273454546,2020-05-19 15:30:00,HmiyD2TTLFNqkNe,29.785141866666667,40.8995442,0.4500676046666667,15,Clear-Sky,0.09795976352678146,2020-05-19
2020-05-19 15:45:00,4135001,119640.107141,11728.3875,6159.602272772728,6884526.5567727275,2020-05-19 15:45:00,HmiyD2TTLFNqkNe,29.76168613333333,40.82955953333333,0.3798659046666666,15,Clear-Sky,0.09803056667424821,2020-05-19
2020-05-19 16:00:00,4135001,143051.910714,14013.2428571,6302.62905840909,6884669.583636364,2020-05-19 16:00:00,HmiyD2TTLFNqkNe,29.7693278,40.701816533333336,0.4615756146666666,16,Clear-Sky,0.09795914495064884,2020-05-19
2020-05-19 16:15:00,4135001,116418.553571,11412.9875,6452.297889545454,6884819.2525,2020-05-19 16:15:00,HmiyD2TTLFNqkNe,29.911296071428573,41.1940265,0.3904150371428571,16,Clear-Sky,0.09803409465175651,2020-05-19
2020-05-19 16:30:00,4135001,82900.875,8135.7125,6556.736111111111,6937005.680555556,2020-05-19 16:30:00,HmiyD2TTLFNqkNe,29.6577312,39.18270073333333,0.3286678413333333,16,Clear-Sky,0.09813783630148656,2020-05-19
2020-05-19 16:45:00,4135001,66968.428569,6581.6857144,6660.7380952777785,6937109.6825,2020-05-19 16:45:00,HmiyD2TTLFNqkNe,29.373718266666668,36.96112066666667,0.2639367406666666,16,Cloud-Affected,0.09828042638955833,2020-05-19
2020-05-19 17:00:00,4135001,48030.75,4713.3875,6739.861111111111,6937188.805555556,2020-05-19 17:00:00,HmiyD2TTLFNqkNe,29.096531133333336,34.4538818,0.1892608939999999,17,Cloud-Affected,0.09813270665146806,2020-05-19
2020-05-19 17:15:00,4135001,32798.142858,3214.2571428,6794.277777722223,6937243.222277778,2020-05-19 17:15:00,HmiyD2TTLFNqkNe,28.59915553333333,31.82115473333333,0.1278067490666667,17,Cloud-Affected,0.09800119344306077,2020-05-19
2020-05-19 17:30:00,4135001,22507.625,2189.35,6831.541666666667,6937280.486111111,2020-05-19 17:30:00,HmiyD2TTLFNqkNe,28.11065073333333,29.98121346666667,0.08722808,17,Cloud-Affected,0.09727148022059191,2020-05-19
2020-05-19 17:45:00,4135001,9634.7142855,933.45714289,6855.277777833334,6937304.222166667,2020-05-19 17:45:00,HmiyD2TTLFNqkNe,27.6489196,28.5470478,0.0377508244,17,Cloud-Affected,0.0968847767800265,2020-05-19
2020-05-20 08:00:00,4135001,114844.089286,11258.394643,402.90503246818184,6885582.132318183,2020-05-20 08:00:00,HmiyD2TTLFNqkNe,24.471148666666664,31.939571,0.3905848053333332,8,Clear-Sky,0.0980319902660628,2020-05-20
2020-05-20 08:15:00,4135001,129962.62500100001,12735.1410714,539.8952922090909,6885719.122590909,2020-05-20 08:15:00,HmiyD2TTLFNqkNe,25.124652066666663,35.99217126666667,0.4379202793333333,8,Clear-Sky,0.0979907959792441,2020-05-20
2020-05-20 08:30:00,4135001,149227.517857,14616.1517858,695.4220779272728,6885874.649318182,2020-05-20 08:30:00,HmiyD2TTLFNqkNe,25.56246340000001,38.252356133333336,0.498367802,8,Clear-Sky,0.09794541915390026,2020-05-20
2020-05-20 08:45:00,4135001,153696.125001,15052.2303573,861.8490259772727,6886041.076227272,2020-05-20 08:45:00,HmiyD2TTLFNqkNe,26.212556866666667,40.39654946666667,0.5104697813333334,8,Clear-Sky,0.09793500231188045,2020-05-20
2020-05-20 09:00:00,4135001,173085.285714,16942.8535714,1041.2662337727272,6886220.4935,2020-05-20 09:00:00,HmiyD2TTLFNqkNe,26.4731404,41.65764953333333,0.5750738046666666,9,Clear-Sky,0.09788731319076868,2020-05-20
2020-05-20 09:15:00,4135001,185002.839285,18104.4196428,1243.650974,6886422.878272727,2020-05-20 09:15:00,HmiyD2TTLFNqkNe,26.9201314,43.72293526666667,0.6102461506666667,9,Clear-Sky,0.09786022589042451,2020-05-20
2020-05-20 09:30:00,4135001,191898.232143,18776.1357143,1451.2702922272726,6886630.497545455,2020-05-20 09:30:00,HmiyD2TTLFNqkNe,27.20111693333333,44.107206266666665,0.6374122793333333,9,Clear-Sky,0.09784423496047777,2020-05-20
2020-05-20 09:45:00,4135001,210226.392859,20560.1803573,1673.831168772727,6886853.0585,2020-05-20 09:45:00,HmiyD2TTLFNqkNe,27.843497142857142,46.54200971428571,0.7001427807142858,9,Clear-Sky,0.09780018615973601,2020-05-20
2020-05-20 10:00:00,4135001,224394.98215,21938.5339287,1918.6379869999998,6887097.865272728,2020-05-20 10:00:00,HmiyD2TTLFNqkNe,28.077587800000003,48.34034806666667,0.7516814453333333,10,Clear-Sky,0.0977674889095108,2020-05-20
2020-05-20 10:15:00,4135001,241515.67857,23596.942858,2174.9805195000004,6887354.207772728,2020-05-20 10:15:00,HmiyD2TTLFNqkNe,28.2830628,49.19147753333333,0.8096695786666664,10,Clear-Sky,0.09770356524146216,2020-05-20
2020-05-20 10:30:00,4135001,240522.35714,23503.983928,2446.4878246818184,6887625.715090909,2020-05-20 10:30:00,HmiyD2TTLFNqkNe,28.752504466666664,51.54958113333333,0.8091504293333334,10,Clear-Sky,0.09772057869164787,2020-05-20
2020-05-20 10:45:00,4135001,242660.4107,23708.1160714,2712.7678571818183,6887891.995090908,2020-05-20 10:45:00,HmiyD2TTLFNqkNe,28.985984333333327,51.476499200000006,0.8148198200000001,10,Clear-Sky,0.09770079924866788,2020-05-20
2020-05-20 11:00:00,4135001,253123.5,24704.103571,2989.026785727273,6888168.254045454,2020-05-20 11:00:00,HmiyD2TTLFNqkNe,29.315938266666667,52.12607433333333,0.8488509206666665,11,Clear-Sky,0.09759703690491005,2020-05-20
2020-05-20 11:15:00,4135001,265878.41072,25928.653571,3275.9415584090907,6888455.168863636,2020-05-20 11:15:00,HmiyD2TTLFNqkNe,29.735261933333334,53.64847206666667,0.9000696606666667,11,Clear-Sky,0.0975207182139576,2020-05-20
2020-05-20 11:30:00,4135001,275921.82143,26904.775,3572.591720772727,6888751.819,2020-05-20 11:30:00,HmiyD2TTLFNqkNe,29.882983266666667,54.3455892,0.93859401,11,Clear-Sky,0.09750868873133185,2020-05-20
2020-05-20 11:45:00,4135001,269093.1607,26246.678573,3880.965909090909,6889060.193181818,2020-05-20 11:45:00,HmiyD2TTLFNqkNe,30.19451906666667,56.65431326666666,0.9129294213333332,11,Clear-Sky,0.09753751639292407,2020-05-20
2020-05-20 12:00:00,4135001,278431.64287,27154.991071,4174.125,6889353.3522727275,2020-05-20 12:00:00,HmiyD2TTLFNqkNe,30.521348066666665,56.80053313333334,0.9661854566666668,12,Clear-Sky,0.09752839437031477,2020-05-20
2020-05-20 12:15:00,4135001,282200.7857,27515.057144,4488.9147726363635,6889668.142136364,2020-05-20 12:15:00,HmiyD2TTLFNqkNe,30.929116214285717,58.69564164285714,0.9751613035714286,12,Clear-Sky,0.0975017028239266,2020-05-20
2020-05-20 12:30:00,4135001,280843.83928,27383.037499,4799.172889636364,6889978.400136364,2020-05-20 12:30:00,HmiyD2TTLFNqkNe,31.299159800000005,59.367140466666655,0.9678900893333334,12,Clear-Sky,0.09750271741478095,2020-05-20
2020-05-20 12:45:00,4135001,279474.25,27250.508928,5110.211850636363,6890289.4391363645,2020-05-20 12:45:00,HmiyD2TTLFNqkNe,31.34249066666667,58.68839280000001,0.9669222093333332,12,Clear-Sky,0.09750633172107985,2020-05-20
2020-05-20 13:00:00,4135001,254341.5357,24816.001786,5404.248376590909,6890583.475681818,2020-05-20 13:00:00,HmiyD2TTLFNqkNe,31.393697066666668,56.83325393333334,0.8978028199999998,13,Clear-Sky,0.09756959954535652,2020-05-20
2020-05-20 13:15:00,4135001,267673.96666,26105.956666,5657.246969636363,6890836.474181819,2020-05-20 13:15:00,HmiyD2TTLFNqkNe,31.52517981818181,56.276514181818186,0.9024616809090908,13,Clear-Sky,0.09752893414233234,2020-05-20
2020-05-20 17:30:00,4135001,40675.0,3987.0,8736.545454545454,6893915.7727272725,2020-05-20 17:30:00,HmiyD2TTLFNqkNe,29.3095095,31.839508,0.136164155,17,Cloud-Affected,0.09802089735709896,2020-05-20
2020-05-20 17:45:00,4135001,34105.928571,3334.0160714,8759.464285681817,6893938.691590909,2020-05-20 17:45:00,HmiyD2TTLFNqkNe,28.99113573333333,31.0937296,0.1119324913333333,17,Cloud-Affected,0.09775473681824595,2020-05-20
2020-05-21 08:00:00,4135001,94341.833333,9250.4966667,304.7696969681818,6894359.993954546,2020-05-21 08:00:00,HmiyD2TTLFNqkNe,23.96825553333333,33.11916906666667,0.3646781813333333,8,Clear-Sky,0.09805296695950738,2020-05-21
2020-05-21 08:15:00,4135001,125416.714286,12291.1392858,485.70048701363635,6894472.687454546,2020-05-21 08:15:00,HmiyD2TTLFNqkNe,24.447705066666664,36.010386000000004,0.396035358,8,Clear-Sky,0.09800240227766861,2020-05-21
2020-05-21 08:30:00,4135001,142573.35714100001,13966.5142858,634.3230519409091,6894621.160727274,2020-05-21 08:30:00,HmiyD2TTLFNqkNe,25.058563266666663,39.48617746666665,0.4540012586666666,8,Clear-Sky,0.09796019793507149,2020-05-21
2020-05-21 08:45:00,4135001,165187.410715,16172.8958334,803.7529761909092,6894790.70740909,2020-05-21 08:45:00,HmiyD2TTLFNqkNe,25.4833456,42.19290773333333,0.5583109086666667,8,Clear-Sky,0.09790634627298146,2020-05-21
2020-05-21 09:00:00,4135001,180044.125001,17620.9125,996.5543831136364,6894983.508909091,2020-05-21 09:00:00,HmiyD2TTLFNqkNe,26.186218200000003,45.974644000000005,0.6302828366666666,9,Clear-Sky,0.09786996659792219,2020-05-21
2020-05-21 09:15:00,4135001,192497.142856,18832.8660714,1202.2727271818183,6895189.227363637,2020-05-21 09:15:00,HmiyD2TTLFNqkNe,26.82428842857143,48.745747214285714,0.6764482221428572,9,Clear-Sky,0.09783452259074917,2020-05-21
2020-05-21 09:30:00,4135001,216186.33929,21140.0642862,1429.857142909091,6895416.811636364,2020-05-21 09:30:00,HmiyD2TTLFNqkNe,27.489748066666667,49.733946,0.7325971326666667,9,Clear-Sky,0.09778630951256345,2020-05-21
2020-05-21 09:45:00,4135001,220058.44641899999,21510.5482137,1667.8750000454545,6895654.829500001,2020-05-21 09:45:00,HmiyD2TTLFNqkNe,27.690804,51.029305,0.7722379753333333,9,Clear-Sky,0.09774925054566215,2020-05-21
2020-05-21 10:00:00,4135001,133977.304762,13093.902857000001,1378.4090909545455,6895842.449818182,2020-05-21 10:00:00,HmiyD2TTLFNqkNe,28.20780033333333,53.51720186666666,0.70056636,10,Clear-Sky,0.09773224562369182,2020-05-21
2020-05-21 10:15:00,4135001,156213.071427,15280.857143,1991.3092531818181,6895978.263863637,2020-05-21 10:15:00,HmiyD2TTLFNqkNe,28.129876866666663,46.86501033333333,0.5043223273333332,10,Clear-Sky,0.09782060491743742,2020-05-21
2020-05-21 10:30:00,4135001,211775.964282,20682.8089286,2219.0349025454543,6896205.9895,2020-05-21 10:30:00,HmiyD2TTLFNqkNe,28.657090266666668,51.68042806666666,0.8154269713333333,10,Clear-Sky,0.09766362768656246,2020-05-21
2020-05-21 10:45:00,4135001,232255.982147,22675.6160699,2455.0073051363634,6896441.961909091,2020-05-21 10:45:00,HmiyD2TTLFNqkNe,28.85416453333333,51.79728806666666,0.754716712,10,Clear-Sky,0.09763200009009067,2020-05-21
2020-05-21 11:00:00,4135001,227503.428562,22215.9053556,2704.886363727273,6896691.613545454,2020-05-21 11:00:00,HmiyD2TTLFNqkNe,29.207837,53.292307533333336,0.7235343293333333,11,Clear-Sky,0.09765085957614765,2020-05-21
2020-05-21 11:15:00,4135001,281954.94642,27497.275,2993.2581169090913,6896980.212636364,2020-05-21 11:15:00,HmiyD2TTLFNqkNe,29.59773042857143,56.443897500000006,1.0389913628571428,11,Clear-Sky,0.09752364818966527,2020-05-21
2020-05-21 11:30:00,4135001,274796.82142,26801.030357,3299.6542208181822,6897286.608727273,2020-05-21 11:30:00,HmiyD2TTLFNqkNe,30.12836306666667,61.4558144,1.033489496666667,11,Clear-Sky,0.0975303506732971,2020-05-21
2020-05-21 11:45:00,4135001,261127.78571,25476.7625,3596.125811681818,6897583.080363637,2020-05-21 11:45:00,HmiyD2TTLFNqkNe,30.494291133333338,60.050757,0.8877618960000001,11,Clear-Sky,0.09756434931169547,2020-05-21
2020-05-21 12:00:00,4135001,235841.267845,23022.4178581,3878.8011363636365,6897865.755681818,2020-05-21 12:00:00,HmiyD2TTLFNqkNe,30.676135400000003,57.4164388,0.892777234,12,Clear-Sky,0.0976182754971909,2020-05-21
2020-05-21 12:15:00,4135001,246090.28571999999,24017.639286,4150.740259727273,6898137.694818183,2020-05-21 12:15:00,HmiyD2TTLFNqkNe,30.804624466666667,58.6477848,0.8879575373333333,12,Clear-Sky,0.09759686050073152,2020-05-21
2020-05-21 12:30:00,4135001,174020.410723,17022.3553572,4372.237012863636,6898359.333454546,2020-05-21 12:30:00,HmiyD2TTLFNqkNe,30.550409,50.88379926666666,0.5801343633333333,12,Clear-Sky,0.09781815412615952,2020-05-21
2020-05-21 12:45:00,4135001,219852.5,21468.730357200002,4599.101461045455,6898586.043818181,2020-05-21 12:45:00,HmiyD2TTLFNqkNe,30.864174466666668,51.88567106666667,0.7466439013333332,12,Clear-Sky,0.09765060828146144,2020-05-21
2020-05-21 13:00:00,4135001,222422.210721,21718.4189286,4853.2733766363635,6898841.418818181,2020-05-21 13:00:00,HmiyD2TTLFNqkNe,31.3942708,54.491442600000006,0.8004696066666667,13,Clear-Sky,0.09764500972361505,2020-05-21
2020-05-21 13:15:00,4135001,282772.29167,27574.482143,5127.690746772728,6899114.645272728,2020-05-21 13:15:00,HmiyD2TTLFNqkNe,31.3498148,55.91095173333333,0.9618199573333333,13,Clear-Sky,0.09751479531516434,2020-05-21
2020-05-21 13:30:00,4135001,234033.76786,22841.2053559,5425.088474,6899412.043045455,2020-05-21 13:30:00,HmiyD2TTLFNqkNe,31.723678357142855,57.42826607142857,0.7764669535714287,13,Clear-Sky,0.09759790463042799,2020-05-21
2020-05-21 13:45:00,4135001,237779.071417,23206.0321439,5678.524350636363,6899665.478909091,2020-05-21 13:45:00,HmiyD2TTLFNqkNe,31.688391,55.696510800000006,0.8612832686666666,13,Clear-Sky,0.09759493131842084,2020-05-21
2020-05-21 14:00:00,4135001,220906.964293,21565.2928583,5940.2840908181815,6899927.2387272725,2020-05-21 14:00:00,HmiyD2TTLFNqkNe,32.05471386666667,56.430047733333325,0.741254446,14,Clear-Sky,0.09762160702954058,2020-05-21
2020-05-21 14:15:00,4135001,180643.357143,17651.8428571,6155.959415545454,6900142.914000001,2020-05-21 14:15:00,HmiyD2TTLFNqkNe,31.86826353333333,50.850927733333336,0.632901332,14,Clear-Sky,0.09771653459211642,2020-05-21
2020-05-21 14:30:00,4135001,155589.946428,15224.6696429,6344.504058545454,6900331.458500001,2020-05-21 14:30:00,HmiyD2TTLFNqkNe,31.819928,47.850404733333335,0.4585606919999999,14,Clear-Sky,0.0978512429139841,2020-05-21
2020-05-21 14:45:00,4135001,182315.642858,17829.6678571,6524.422889545454,6900511.3775,2020-05-21 14:45:00,HmiyD2TTLFNqkNe,31.724595200000003,46.1821414,0.613399808,14,Clear-Sky,0.09779560095667147,2020-05-21
2020-05-21 15:00:00,4135001,219721.160712,21476.974405200002,6746.877435045454,6900733.8319999995,2020-05-21 15:00:00,HmiyD2TTLFNqkNe,32.33336766666667,52.991542466666665,0.7409205246666666,15,Clear-Sky,0.09774649986193634,2020-05-21
2020-05-21 15:15:00,4135001,113635.958334,11143.3660716,6923.43804109091,6900910.392590909,2020-05-21 15:15:00,HmiyD2TTLFNqkNe,31.9338582,46.44251506666667,0.3559129373333332,15,Clear-Sky,0.09806197118386858,2020-05-21
2020-05-21 15:30:00,4135001,163751.607142,16031.6928571,7082.033279227273,6901068.9878181815,2020-05-21 15:30:00,HmiyD2TTLFNqkNe,32.07216542857143,46.25483692857144,0.563544357142857,15,Clear-Sky,0.09790250695492622,2020-05-21
2020-05-21 15:45:00,4135001,117273.732141,11498.2624998,7251.425324636363,6901238.379909092,2020-05-21 15:45:00,HmiyD2TTLFNqkNe,32.14568913333334,45.14951980000001,0.3742929606666666,15,Clear-Sky,0.09804635948632949,2020-05-21
2020-05-21 16:00:00,4135001,86612.589286,8509.6142857,7361.563311727273,6901348.517818182,2020-05-21 16:00:00,HmiyD2TTLFNqkNe,31.600370266666665,40.34497666666666,0.273557416,16,Cloud-Affected,0.09824916165017003,2020-05-21
2020-05-21 16:15:00,4135001,74587.696426,7331.4571427,7451.183441499999,6901438.138045454,2020-05-21 16:15:00,HmiyD2TTLFNqkNe,31.0340474,37.6285684,0.2396828633333333,16,Cloud-Affected,0.0982931166130555,2020-05-21
2020-05-21 16:30:00,4135001,95422.714286,9367.7517859,7540.750811636363,6901527.705409091,2020-05-21 16:30:00,HmiyD2TTLFNqkNe,30.709979333333337,37.02485793333333,0.3015704806666667,16,Clear-Sky,0.09817108909544396,2020-05-21
2020-05-21 16:45:00,4135001,54294.678569,5326.2446429,7636.221590909091,6901623.176136363,2020-05-21 16:45:00,HmiyD2TTLFNqkNe,30.436910066666663,36.399023133333344,0.1652971236,16,Cloud-Affected,0.09809883368461571,2020-05-21
2020-05-21 17:00:00,4135001,23437.732143,2278.0892857,7675.083603954546,6901662.038090909,2020-05-21 17:00:00,HmiyD2TTLFNqkNe,29.904103,31.909513214285717,0.0705414855,17,Cloud-Affected,0.09719751347104555,2020-05-21
2020-05-21 17:15:00,4135001,16700.2678569,1619.35000001,7696.669642863636,6901683.624181818,2020-05-21 17:15:00,HmiyD2TTLFNqkNe,29.53365073333333,29.722025533333333,0.0500169534,17,Cloud-Affected,0.09696551060652227,2020-05-21
2020-05-21 17:30:00,4135001,12960.5357142,1254.35357143,7713.099837681818,6901700.054363637,2020-05-21 17:30:00,HmiyD2TTLFNqkNe,29.038175466666665,28.573687866666667,0.039089017,17,Cloud-Affected,0.09678254040499946,2020-05-21
2020-05-21 17:45:00,4135001,9592.0714285,927.33392859,7725.534090818182,6901712.4887272725,2020-05-21 17:45:00,HmiyD2TTLFNqkNe,28.658781133333328,27.826387666666665,0.0293719444666666,17,Cloud-Affected,0.09667712917928258,2020-05-21
2020-05-22 08:00:00,4135001,110637.535714,10847.4267856,476.54545454545456,6902203.636318183,2020-05-22 08:00:00,HmiyD2TTLFNqkNe,25.088962666666667,35.562813133333336,0.3929178906666667,8,Clear-Sky,0.09804472519743021,2020-05-22
2020-05-22 08:15:00,4135001,103632.560714,10159.721428500001,603.7017857181818,6902330.792681819,2020-05-22 08:15:00,HmiyD2TTLFNqkNe,25.26090906666667,37.18839533333334,0.3585062726666666,8,Clear-Sky,0.09803599716635678,2020-05-22
2020-05-22 08:30:00,4135001,57482.214285,5637.3714286,683.3149350636363,6902410.405863636,2020-05-22 08:30:00,HmiyD2TTLFNqkNe,25.14924185714285,32.83658064285714,0.1884618071428571,8,Cloud-Affected,0.09807157742131506,2020-05-22
2020-05-22 08:45:00,4135001,84887.488096,8338.4535713,760.4943181818181,6902487.585272727,2020-05-22 08:45:00,HmiyD2TTLFNqkNe,25.312744200000004,32.38037546666667,0.2670940773333334,8,Cloud-Affected,0.0982294771388449,2020-05-22
2020-05-22 09:00:00,4135001,112328.171429,11014.1603572,870.28814935,6902597.379090909,2020-05-22 09:00:00,HmiyD2TTLFNqkNe,25.96112293333333,35.6540122,0.3730011899999999,9,Clear-Sky,0.09805341097501791,2020-05-22
2020-05-22 09:15:00,4135001,124451.410714,12195.8017857,1004.0262445954545,6902730.662590909,2020-05-22 09:15:00,HmiyD2TTLFNqkNe,26.405902066666663,37.5282734,0.3860812566666666,9,Clear-Sky,0.09799649289413839,2020-05-22
2020-05-22 09:30:00,4135001,141311.964286,13842.8035715,1153.0592533181818,6902880.15009091,2020-05-22 09:30:00,HmiyD2TTLFNqkNe,26.92924806666667,39.8739748,0.4385864393333333,9,Clear-Sky,0.09795917593703302,2020-05-22
2020-05-22 09:45:00,4135001,118421.642858,11609.8067857,1292.4391234090908,6903019.5105,2020-05-22 09:45:00,HmiyD2TTLFNqkNe,27.16653653333333,39.336533733333326,0.3759219506666666,9,Clear-Sky,0.0980378797786261,2020-05-22
2020-05-22 10:00:00,4135001,151447.303573,14820.0071427,1447.9813311818182,6903177.754045454,2020-05-22 10:00:00,HmiyD2TTLFNqkNe,27.585662733333333,42.06701466666666,0.5426874133333333,10,Clear-Sky,0.09785586664840501,2020-05-22
2020-05-22 10:15:00,4135001,207550.821417,20271.2517856,1629.8725649545456,6903357.520272728,2020-05-22 10:15:00,HmiyD2TTLFNqkNe,27.87740473333333,42.96753940000001,0.63854485,10,Clear-Sky,0.09766885838949338,2020-05-22
2020-05-22 10:30:00,4135001,125350.589286,12281.7964285,1835.031655818182,6903562.122590909,2020-05-22 10:30:00,HmiyD2TTLFNqkNe,28.15413335714286,44.68885371428571,0.4156516442857142,10,Clear-Sky,0.09797956673724001,2020-05-22
2020-05-22 10:45:00,4135001,185545.178571,18134.6500001,1978.3279220454547,6903705.418863636,2020-05-22 10:45:00,HmiyD2TTLFNqkNe,28.069488466666662,42.7483944,0.7091465493333333,10,Clear-Sky,0.09773711254459067,2020-05-22
2020-05-22 11:00:00,4135001,177744.589286,17375.2928571,2205.1087662727273,6903932.199636363,2020-05-22 11:00:00,HmiyD2TTLFNqkNe,28.880098533333335,50.2482484,0.608488516,11,Clear-Sky,0.09775427160340887,2020-05-22
2020-05-22 11:15:00,4135001,169112.007144,16535.2860714,2374.7301948181816,6904101.993818182,2020-05-22 11:15:00,HmiyD2TTLFNqkNe,28.860333333333333,44.390484533333336,0.553059376,11,Clear-Sky,0.09777712624107225,2020-05-22
2020-05-22 11:30:00,4135001,279968.99404,27308.16607,2630.2145562727274,6904353.775181818,2020-05-22 11:30:00,HmiyD2TTLFNqkNe,29.77494913333333,52.5911334,0.999309628,11,Clear-Sky,0.09753996567955092,2020-05-22
2020-05-22 11:45:00,4135001,275556.55357,26879.828571,2943.5462662272726,6904670.6371818185,2020-05-22 11:45:00,HmiyD2TTLFNqkNe,30.58406566666667,60.62906306666667,1.0477749826666665,11,Clear-Sky,0.0975474116755916,2020-05-22
2020-05-22 12:00:00,4135001,283826.625,27677.362499000003,3258.2889609999997,6904985.379909092,2020-05-22 12:00:00,HmiyD2TTLFNqkNe,30.824835714285715,62.21209042857143,1.0318606821428573,12,Clear-Sky,0.09751503228071011,2020-05-22
2020-05-22 12:15:00,4135001,221449.339293,21636.85,3532.9253246818184,6905260.016227272,2020-05-22 12:15:00,HmiyD2TTLFNqkNe,30.752172866666665,57.925577800000006,0.8117554566666667,12,Clear-Sky,0.09770564260466022,2020-05-22
2020-05-22 12:30:00,4135001,207784.178565,20300.3875002,3772.6923700909088,6905499.783318182,2020-05-22 12:30:00,HmiyD2TTLFNqkNe,30.91771053333333,54.40039266666666,0.7624467326666666,12,Clear-Sky,0.09769939001322729,2020-05-22
2020-05-22 12:45:00,4135001,248848.678574,24282.6250013,4022.9642856818177,6905750.055227273,2020-05-22 12:45:00,HmiyD2TTLFNqkNe,31.41328526666667,55.89338740000001,0.917253122,12,Clear-Sky,0.09757988324651315,2020-05-22
2020-05-22 13:00:00,4135001,235013.61905,23066.4690486,4278.766865136364,6906005.857727273,2020-05-22 13:00:00,HmiyD2TTLFNqkNe,31.3189554,54.85740986666666,0.8148439080000001,13,Clear-Sky,0.09814949934323816,2020-05-22
2020-05-22 13:15:00,4135001,246269.05358,24029.846429,4576.173701318182,6906303.26459091,2020-05-22 13:15:00,HmiyD2TTLFNqkNe,31.90281766666666,58.44529793333333,0.8256647073333334,13,Clear-Sky,0.09757558280132812,2020-05-22
2020-05-22 13:30:00,4135001,240790.48216,23499.6464286,4848.664772727273,6906575.755681818,2020-05-22 13:30:00,HmiyD2TTLFNqkNe,31.85407093333333,57.85922433333334,0.814901278,13,Clear-Sky,0.09759375128866181,2020-05-22
2020-05-22 13:45:00,4135001,198059.982143,19344.0410716,5081.887987,6906808.978909091,2020-05-22 13:45:00,HmiyD2TTLFNqkNe,31.63322353333333,53.52987266666667,0.6930570186666666,13,Clear-Sky,0.0976675896983245,2020-05-22
2020-05-22 14:00:00,4135001,218127.446429,21292.655357,5310.213474,6907037.30440909,2020-05-22 14:00:00,HmiyD2TTLFNqkNe,31.882248142857144,54.65764728571429,0.7605472914285714,14,Clear-Sky,0.09761566325368738,2020-05-22
2020-05-22 14:15:00,4135001,184814.089285,18061.0517857,5545.885552,6907272.976409092,2020-05-22 14:15:00,HmiyD2TTLFNqkNe,32.30898653333334,55.08829360000001,0.6065786866666667,14,Clear-Sky,0.09772551354484793,2020-05-22
2020-05-22 14:30:00,4135001,238468.78571999999,23295.4232143,5766.575487,6907493.666409091,2020-05-22 14:30:00,HmiyD2TTLFNqkNe,32.15423573333334,52.968100933333325,0.809865482,14,Clear-Sky,0.09768751555456195,2020-05-22
2020-05-22 14:45:00,4135001,230378.303573,22519.9910695,6026.978084363636,6907754.069045454,2020-05-22 14:45:00,HmiyD2TTLFNqkNe,32.80111693333333,56.02008653333333,0.7798724033333334,14,Clear-Sky,0.09775222197677172,2020-05-22
2020-05-22 15:00:00,4135001,210988.160714,20633.3196428,6273.016233727272,6908000.107181818,2020-05-22 15:00:00,HmiyD2TTLFNqkNe,33.00463246666666,55.63306693333334,0.7279374373333332,15,Clear-Sky,0.09779373199413312,2020-05-22
2020-05-22 15:15:00,4135001,142292.607143,13937.4660715,6470.6599025000005,6908197.750909091,2020-05-22 15:15:00,HmiyD2TTLFNqkNe,32.574084400000004,51.29624213333333,0.468398362,15,Clear-Sky,0.09794933378016783,2020-05-22
2020-05-22 15:30:00,4135001,94029.053571,9225.4125001,6591.159090863636,6908318.250045454,2020-05-22 15:30:00,HmiyD2TTLFNqkNe,32.31323666666667,43.588924266666666,0.3465496533333333,15,Clear-Sky,0.09811236154933775,2020-05-22
2020-05-22 15:45:00,4135001,100138.928571,9826.4553573,6714.064934999999,6908441.167272728,2020-05-22 15:45:00,HmiyD2TTLFNqkNe,32.0070125,43.13004007142857,0.3180874907142857,15,Clear-Sky,0.09812822543166014,2020-05-22
2020-05-22 16:00:00,4135001,70111.839287,6892.1410714,6801.774350636363,6908528.865272728,2020-05-22 16:00:00,HmiyD2TTLFNqkNe,31.29693813333333,39.07873533333333,0.223404308,16,Cloud-Affected,0.0983021004938595,2020-05-22
2020-05-22 16:15:00,4135001,61082.535716,5992.0285715,6876.6006494545445,6908603.702818182,2020-05-22 16:15:00,HmiyD2TTLFNqkNe,30.797410133333333,37.0259216,0.1951342519999999,16,Cloud-Affected,0.09809724663952424,2020-05-22
2020-05-22 16:30:00,4135001,49037.875001,4807.9375001,6937.473214318182,6908664.5640909085,2020-05-22 16:30:00,HmiyD2TTLFNqkNe,30.2077474,34.96258519999999,0.1562854073333333,16,Cloud-Affected,0.09804538838605781,2020-05-22
2020-05-22 16:45:00,4135001,42450.035714,4161.1910715,6989.354707727272,6908716.445681819,2020-05-22 16:45:00,HmiyD2TTLFNqkNe,29.846667533333328,33.62270493333333,0.1358759986666666,16,Cloud-Affected,0.0980256200379978,2020-05-22
2020-05-22 17:00:00,4135001,35424.017857,3467.8732142999997,7032.223214318182,6908759.3140909085,2020-05-22 17:00:00,HmiyD2TTLFNqkNe,29.57108153333333,32.47774066666667,0.1132172194666666,17,Cloud-Affected,0.09789610055807735,2020-05-22
2020-05-22 17:15:00,4135001,26301.160714999998,2558.0553573,7067.556006454545,6908794.646954546,2020-05-22 17:15:00,HmiyD2TTLFNqkNe,29.301833066666667,31.3613768,0.0837732949333333,17,Cloud-Affected,0.09726016980844111,2020-05-22
2020-05-22 17:30:00,4135001,17627.3571428,1710.03214286,7091.0787338636355,6908818.169545454,2020-05-22 17:30:00,HmiyD2TTLFNqkNe,29.1003866,30.149263466666667,0.0560736594,17,Cloud-Affected,0.09701012630577313,2020-05-22
2020-05-22 17:45:00,4135001,11269.3392858,1090.23928572,7107.205357136364,6908834.296272728,2020-05-22 17:45:00,HmiyD2TTLFNqkNe,28.826326714285717,29.096067142857144,0.0369035885714285,17,Cloud-Affected,0.09674385144244993,2020-05-22
2020-05-23 08:00:00,4135001,97364.946429,9556.55,325.0349026,6909174.762136363,2020-05-23 08:00:00,HmiyD2TTLFNqkNe,23.89814073333333,33.29091186666667,0.3245409046666666,8,Clear-Sky,0.09815185393203889,2020-05-23
2020-05-23 08:15:00,4135001,146181.678571,14317.1571428,455.9204545409091,6909305.6477272725,2020-05-23 08:15:00,HmiyD2TTLFNqkNe,24.705782066666668,38.037754333333325,0.4945615926666666,8,Clear-Sky,0.0979408451370751,2020-05-23
2020-05-23 08:30:00,4135001,172697.839286,16905.3732143,645.0373376636363,6909494.764636364,2020-05-23 08:30:00,HmiyD2TTLFNqkNe,25.810009866666668,43.5907308,0.5895070206666666,8,Clear-Sky,0.09788989418856302,2020-05-23
2020-05-23 08:45:00,4135001,168447.5,16490.969643,832.6176947909091,6909682.34509091,2020-05-23 08:45:00,HmiyD2TTLFNqkNe,26.365627066666665,43.806378,0.569132588,8,Clear-Sky,0.09789975893379244,2020-05-23
2020-05-23 09:00:00,4135001,180673.160714,17682.5428571,1026.7865259545454,6909876.513818181,2020-05-23 09:00:00,HmiyD2TTLFNqkNe,26.8544944,44.581498066666654,0.6137954226666666,9,Clear-Sky,0.09787033551204054,2020-05-23
2020-05-23 09:15:00,4135001,195359.42857000002,19113.0571429,1235.7077922272726,6910085.435045455,2020-05-23 09:15:00,HmiyD2TTLFNqkNe,27.272131400000003,46.693650133333335,0.6625689086666668,9,Clear-Sky,0.09783534525466492,2020-05-23
2020-05-23 09:30:00,4135001,178540.517857,17471.0089285,1451.8887987272728,6910301.6160454545,2020-05-23 09:30:00,HmiyD2TTLFNqkNe,27.64303786666667,47.786619,0.6174629526666667,9,Clear-Sky,0.09785458862896995,2020-05-23
2020-05-23 09:45:00,4135001,200807.535708,19630.2553569,1641.9675324999998,6910491.694772727,2020-05-23 09:45:00,HmiyD2TTLFNqkNe,27.703896500000003,45.23483278571429,0.710976275,9,Clear-Sky,0.0977565671910088,2020-05-23
2020-05-23 10:00:00,4135001,198754.696429,19438.1625,1880.5576298181818,6910730.284954545,2020-05-23 10:00:00,HmiyD2TTLFNqkNe,28.074165800000003,48.958026200000006,0.6737647459999999,10,Clear-Sky,0.09779976447974793,2020-05-23
2020-05-23 10:15:00,4135001,193530.767857,18929.5178572,2092.468344181818,6910942.19559091,2020-05-23 10:15:00,HmiyD2TTLFNqkNe,28.02329086666667,47.408421,0.6361480606666667,10,Clear-Sky,0.09781141296967846,2020-05-23
2020-05-23 10:30:00,4135001,192341.75,18808.3839285,2310.9675325454546,6911160.694727273,2020-05-23 10:30:00,HmiyD2TTLFNqkNe,28.123655266666663,48.692805666666665,0.6136754333333333,10,Clear-Sky,0.09778627847828149,2020-05-23
2020-05-23 10:45:00,4135001,216072.571427,21100.9803576,2525.3514609545455,6911375.0788181815,2020-05-23 10:45:00,HmiyD2TTLFNqkNe,28.60254713333333,49.08473493333334,0.8168375646666667,10,Clear-Sky,0.0976569132224585,2020-05-23
2020-05-23 11:00:00,4135001,230190.660707,22472.7160705,2774.556818181818,6911624.284090909,2020-05-23 11:00:00,HmiyD2TTLFNqkNe,28.8662964,52.901754,0.8011747426666667,11,Clear-Sky,0.09762653272499432,2020-05-23
2020-05-23 11:15:00,4135001,275524.19641,26868.626787,3059.5024351363636,6911909.229636363,2020-05-23 11:15:00,HmiyD2TTLFNqkNe,29.496158666666663,56.45879506666667,0.968808626,11,Clear-Sky,0.09751821123912303,2020-05-23
2020-05-23 11:30:00,4135001,279175.89285,27225.082142,3366.1525973636362,6912215.879909092,2020-05-23 11:30:00,HmiyD2TTLFNqkNe,30.03040366666667,59.877591933333335,0.9841918673333332,11,Clear-Sky,0.097519459377633,2020-05-23
2020-05-23 11:45:00,4135001,282893.58929,27585.078571000002,3679.542207772727,6912529.2694999995,2020-05-23 11:45:00,HmiyD2TTLFNqkNe,30.452372928571428,60.19193785714286,1.0037044035714286,11,Clear-Sky,0.09751044072872919,2020-05-23
2020-05-23 12:00:00,4135001,276528.28573,26966.792856,3983.2727273181813,6912832.999954546,2020-05-23 12:00:00,HmiyD2TTLFNqkNe,30.6108378,58.55042526666667,0.962423294,12,Clear-Sky,0.0975191119592379,2020-05-23
2020-05-23 12:15:00,4135001,292463.33928,28516.901786,4302.168831136363,6913151.896136364,2020-05-23 12:15:00,HmiyD2TTLFNqkNe,31.26550906666667,63.34182940000001,1.112296618,12,Clear-Sky,0.0975059022994275,2020-05-23
2020-05-23 12:30:00,4135001,262909.53572,25656.232141,4614.275974045455,6913464.003227273,2020-05-23 12:30:00,HmiyD2TTLFNqkNe,31.12965493333333,65.54571366666664,0.954939324,12,Clear-Sky,0.09758578010774026,2020-05-23
2020-05-23 12:45:00,4135001,197767.500001,19347.4267858,4868.850649363637,6913718.577909091,2020-05-23 12:45:00,HmiyD2TTLFNqkNe,31.10980833333333,58.53033853333333,0.6678877380000001,12,Clear-Sky,0.09782915183587884,2020-05-23
2020-05-23 13:00:00,4135001,236972.03573,23148.253572,5104.405844090909,6913954.133181819,2020-05-23 13:00:00,HmiyD2TTLFNqkNe,31.304307266666665,55.53702406666668,0.7916552700000001,13,Clear-Sky,0.09768348193782046,2020-05-23
2020-05-23 13:15:00,4135001,256147.39286,24999.864285,5384.094967545455,6914233.822227272,2020-05-23 13:15:00,HmiyD2TTLFNqkNe,32.26669699999999,58.0866006,0.8927997,13,Clear-Sky,0.09759952660796331,2020-05-23
2020-05-23 13:30:00,4135001,264777.30359,25824.0875,5665.705357090908,6914515.432681818,2020-05-23 13:30:00,HmiyD2TTLFNqkNe,32.174080466666666,59.10431306666667,0.9360600806666666,13,Clear-Sky,0.09753134860829255,2020-05-23
2020-05-23 13:45:00,4135001,275449.71428,26860.405357,5965.609577954546,6914815.336818182,2020-05-23 13:45:00,HmiyD2TTLFNqkNe,32.819391,62.57647933333334,0.9900849466666666,13,Clear-Sky,0.09751473305104202,2020-05-23
2020-05-23 14:00:00,4135001,227347.05356,22209.5857152,6260.13879859091,6915109.866181818,2020-05-23 14:00:00,HmiyD2TTLFNqkNe,33.13893985714286,60.39023078571429,0.7815910821428571,14,Clear-Sky,0.0976902289579864,2020-05-23
2020-05-23 14:15:00,4135001,177404.732143,17363.9892856,6472.622564954546,6915322.349818182,2020-05-23 14:15:00,HmiyD2TTLFNqkNe,32.61264433333333,53.1639342,0.5945410246666665,14,Clear-Sky,0.09787782476739951,2020-05-23
2020-05-23 14:30:00,4135001,165497.946427,16203.2464287,6665.015422045454,6915514.742727273,2020-05-23 14:30:00,HmiyD2TTLFNqkNe,32.7458558,51.327437733333326,0.545487636,14,Clear-Sky,0.09790602710497766,2020-05-23
2020-05-23 14:45:00,4135001,157248.785715,15398.6374999,6844.665584363636,6915694.392909091,2020-05-23 14:45:00,HmiyD2TTLFNqkNe,32.598390733333325,48.28102199999999,0.5062324326666667,14,Clear-Sky,0.09792531897708079,2020-05-23
2020-05-23 15:00:00,4135001,130365.803571,12773.3785715,7002.427759727273,6915852.155045455,2020-05-23 15:00:00,HmiyD2TTLFNqkNe,32.41062673333334,46.36569013333333,0.4040820713333333,15,Clear-Sky,0.09798105194467922,2020-05-23
2020-05-23 15:15:00,4135001,166923.160714,16339.4160715,7175.750811681818,6916025.478090909,2020-05-23 15:15:00,HmiyD2TTLFNqkNe,32.6603392,46.35074433333333,0.485598238,15,Clear-Sky,0.09788585359640628,2020-05-23
2020-05-23 15:30:00,4135001,196541.982143,19228.0660713,7374.319805136363,6916224.047136364,2020-05-23 15:30:00,HmiyD2TTLFNqkNe,33.28802473333333,49.761793999999995,0.6299917373333332,15,Clear-Sky,0.09783185180919791,2020-05-23
2020-05-23 15:45:00,4135001,164185.196428,16075.0357142,7575.103896045454,6916424.831227273,2020-05-23 15:45:00,HmiyD2TTLFNqkNe,33.335693266666674,49.51272193333333,0.5362176506666668,15,Clear-Sky,0.09790794824336901,2020-05-23
2020-05-23 16:00:00,4135001,142984.875,14006.4482144,7743.328733727272,6916592.564954545,2020-05-23 16:00:00,HmiyD2TTLFNqkNe,33.424020071428565,48.9096767142857,0.49096055,16,Clear-Sky,0.09795755120532854,2020-05-23
2020-05-23 16:15:00,4135001,129104.75,12652.0267859,7899.414772772728,6916749.142000001,2020-05-23 16:15:00,HmiyD2TTLFNqkNe,32.66607666666668,47.123696133333326,0.4451593266666666,16,Clear-Sky,0.09799815100451377,2020-05-23
2020-05-23 16:30:00,4135001,121329.0,11892.2625,8033.819805227273,6916883.547045454,2020-05-23 16:30:00,HmiyD2TTLFNqkNe,32.16037606666667,43.64397813333333,0.3890966946666666,16,Clear-Sky,0.09801665306727989,2020-05-23
2020-05-23 16:45:00,4135001,88899.267857,8733.4964286,8153.465909045454,6917003.1932272725,2020-05-23 16:45:00,HmiyD2TTLFNqkNe,31.88587833333333,41.18470279999999,0.2978837853333333,16,Cloud-Affected,0.0982403639436983,2020-05-23
2020-05-23 17:00:00,4135001,72905.017857,7164.7071429,8244.296266272728,6917094.023499999,2020-05-23 17:00:00,HmiyD2TTLFNqkNe,31.265974933333336,37.7911072,0.246215918,17,Cloud-Affected,0.0982745406763806,2020-05-23
2020-05-23 17:15:00,4135001,61653.142855,6049.0999998,8318.9415585,6917168.668772727,2020-05-23 17:15:00,HmiyD2TTLFNqkNe,30.808199066666667,35.76615826666667,0.2081180433333333,17,Cloud-Affected,0.09811503063236661,2020-05-23
2020-05-23 17:30:00,4135001,44697.232143,4381.8910714,8378.898539,6917228.625772727,2020-05-23 17:30:00,HmiyD2TTLFNqkNe,30.171648933333334,33.8750304,0.1451273186666666,17,Cloud-Affected,0.0980349534257737,2020-05-23
2020-05-23 17:45:00,4135001,34506.714284,3374.9017857,8421.988636363636,6917271.715909091,2020-05-23 17:45:00,HmiyD2TTLFNqkNe,29.63169753333333,32.23251346666666,0.1122409709333333,17,Cloud-Affected,0.0978042058111823,2020-05-23
2020-05-24 08:00:00,4135001,105709.053573,10366.8571427,396.1103896181818,6917733.473863637,2020-05-24 08:00:00,HmiyD2TTLFNqkNe,26.23174233333333,35.39754653333333,0.3727364353333333,8,Clear-Sky,0.09806971865036056,2020-05-24
2020-05-24 08:15:00,4135001,115020.142856,11275.0142856,513.8189935045455,6917851.182636364,2020-05-24 08:15:00,HmiyD2TTLFNqkNe,26.3079448,35.30504146666667,0.361205644,8,Clear-Sky,0.09802643263724517,2020-05-24
2020-05-24 08:30:00,4135001,153380.410714,15020.8178572,668.0633116909091,6918005.42690909,2020-05-24 08:30:00,HmiyD2TTLFNqkNe,26.682297799999997,38.64299933333333,0.5357404813333333,8,Clear-Sky,0.09793178794656178,2020-05-24
2020-05-24 08:45:00,4135001,114169.464285,11194.048214299999,815.2053571454545,6918152.569,2020-05-24 08:45:00,HmiyD2TTLFNqkNe,26.76338493333333,39.07146406666667,0.3637049406666666,8,Clear-Sky,0.0980476547245279,2020-05-24
2020-05-24 09:00:00,4135001,165905.160714,16240.244643,966.0974025818182,6918303.460954546,2020-05-24 09:00:00,HmiyD2TTLFNqkNe,27.152537133333336,40.39757686666666,0.5656625413333333,9,Clear-Sky,0.09788872493843742,2020-05-24
2020-05-24 09:15:00,4135001,151049.107144,14791.325,1141.0056818181818,6918478.369318182,2020-05-24 09:15:00,HmiyD2TTLFNqkNe,27.404044666666664,41.316923333333335,0.4188771033333333,9,Clear-Sky,0.09792394857322097,2020-05-24
2020-05-24 09:30:00,4135001,179945.374999,17605.9589287,1335.9228896818183,6918673.286454544,2020-05-24 09:30:00,HmiyD2TTLFNqkNe,27.864129466666668,43.693817200000005,0.56387132,9,Clear-Sky,0.0978405748344343,2020-05-24
2020-05-24 09:45:00,4135001,138602.357143,13575.3571429,1515.0511363636363,6918852.4147727275,2020-05-24 09:45:00,HmiyD2TTLFNqkNe,27.86592971428571,42.949353714285714,0.51719428,9,Clear-Sky,0.09794463400715413,2020-05-24
2020-05-24 10:00:00,4135001,159661.589284,15625.2982143,1678.6907467727274,6919016.054363637,2020-05-24 10:00:00,HmiyD2TTLFNqkNe,28.242586266666667,43.05883393333334,0.5804646173333333,10,Clear-Sky,0.09786510509115823,2020-05-24
2020-05-24 10:15:00,4135001,186227.107147,18202.8107142,1856.0795454545455,6919193.443181818,2020-05-24 10:15:00,HmiyD2TTLFNqkNe,28.488832533333333,43.78831386666667,0.585474618,10,Clear-Sky,0.09774522620829551,2020-05-24
2020-05-24 10:30:00,4135001,205638.517861,20087.175,2079.3319804545454,6919416.695681819,2020-05-24 10:30:00,HmiyD2TTLFNqkNe,28.98237106666667,47.528133,0.7167022733333334,10,Clear-Sky,0.0976819674102971,2020-05-24
2020-05-24 10:45:00,4135001,257417.196416,25115.519643300002,2334.685876636364,6919672.0495,2020-05-24 10:45:00,HmiyD2TTLFNqkNe,29.528405733333337,52.172778066666666,0.8833871893333332,10,Clear-Sky,0.09756737309310128,2020-05-24
2020-05-24 11:00:00,4135001,236075.232134,23046.9214279,2621.7654220454547,6919959.129090909,2020-05-24 11:00:00,HmiyD2TTLFNqkNe,29.893628,56.54914560000001,0.7758027066666667,11,Clear-Sky,0.09762532570472368,2020-05-24
2020-05-24 11:15:00,4135001,245811.23214,23987.6464296,2872.1623376363636,6920209.526,2020-05-24 11:15:00,HmiyD2TTLFNqkNe,30.166768533333336,54.67960166666667,0.8679127513333332,11,Clear-Sky,0.0975856400896197,2020-05-24
2020-05-24 11:30:00,4135001,255182.66071,24898.628571,3163.235389590909,6920500.5990454545,2020-05-24 11:30:00,HmiyD2TTLFNqkNe,30.648152666666665,58.192274733333335,0.9587208273333332,11,Clear-Sky,0.09757178838767505,2020-05-24
2020-05-24 11:45:00,4135001,255212.87501,24897.8267864,3457.984577954546,6920795.348181818,2020-05-24 11:45:00,HmiyD2TTLFNqkNe,31.08613807142857,57.58173707142858,0.856888655,11,Clear-Sky,0.09755709536763939,2020-05-24
2020-05-24 12:00:00,4135001,261993.64287,25558.042857,3728.6331169090913,6921065.996727273,2020-05-24 12:00:00,HmiyD2TTLFNqkNe,30.96598713333333,58.3223184,0.966907858,12,Clear-Sky,0.0975521488881384,2020-05-24
2020-05-24 12:15:00,4135001,276448.26787,26957.596427,4031.786525954545,6921369.150181818,2020-05-24 12:15:00,HmiyD2TTLFNqkNe,31.85976966666667,60.33080693333334,0.9758267626666666,12,Clear-Sky,0.09751407246898298,2020-05-24
2020-05-24 12:30:00,4135001,256224.94643,24999.141072,4326.384740272727,6921663.7483636355,2020-05-24 12:30:00,HmiyD2TTLFNqkNe,31.858768666666663,60.43083146666667,0.9489071126666666,12,Clear-Sky,0.09756716283997624,2020-05-24
2020-05-24 12:45:00,4135001,265186.10715,25867.558929,4614.344967545455,6921951.708590909,2020-05-24 12:45:00,HmiyD2TTLFNqkNe,32.268751599999995,61.34530853333335,0.9421417826666668,12,Clear-Sky,0.09754492498495881,2020-05-24
2020-05-24 13:00:00,4135001,267671.32143,26105.680358,4912.080357181819,6922249.443954545,2020-05-24 13:00:00,HmiyD2TTLFNqkNe,32.5261004,61.743723933333335,0.9393533653333334,13,Clear-Sky,0.09752886569444094,2020-05-24
2020-05-24 13:15:00,4135001,261246.0,25481.630355,5206.469155909091,6922543.832727272,2020-05-24 13:15:00,HmiyD2TTLFNqkNe,32.848590333333334,60.95937106666666,0.9193798739999998,13,Clear-Sky,0.0975388344893319,2020-05-24
2020-05-24 13:30:00,4135001,209572.089284,20462.8678573,5474.651785681818,6922812.015454546,2020-05-24 13:30:00,HmiyD2TTLFNqkNe,33.08275935714286,61.57563135714286,0.7931582364285715,13,Clear-Sky,0.09764118841975138,2020-05-24
2020-05-24 13:45:00,4135001,257489.46428000001,25119.146429,5728.636363636364,6923066.0,2020-05-24 13:45:00,HmiyD2TTLFNqkNe,33.321887266666664,57.5274762,0.847597544,13,Clear-Sky,0.09755407468510967,2020-05-24
2020-05-24 14:00:00,4135001,196984.374998,19252.7482145,5981.376623409091,6923318.740227273,2020-05-24 14:00:00,HmiyD2TTLFNqkNe,33.68083073333334,59.173854533333326,0.833392598,14,Clear-Sky,0.09773743838665108,2020-05-24
2020-05-24 14:15:00,4135001,239015.82141,23340.076786,6220.034090909091,6923557.3977272725,2020-05-24 14:15:00,HmiyD2TTLFNqkNe,33.551989866666666,58.270271933333326,0.8323255766666667,14,Clear-Sky,0.09765076072501154,2020-05-24
2020-05-24 14:30:00,4135001,178910.839286,17492.4910711,6462.708603954546,6923800.072181818,2020-05-24 14:30:00,HmiyD2TTLFNqkNe,33.78651526666667,56.12368146666666,0.6665665693333332,14,Clear-Sky,0.09777211453989759,2020-05-24
2020-05-24 14:45:00,4135001,204194.321424,19968.4500003,6662.525974,6923999.889636364,2020-05-24 14:45:00,HmiyD2TTLFNqkNe,33.41605233333334,52.4764444,0.6782424946666668,14,Clear-Sky,0.09779140703348181,2020-05-24
2020-05-24 15:00:00,4135001,192523.857142,18834.0464288,6878.8441557727265,6924216.207863637,2020-05-24 15:00:00,HmiyD2TTLFNqkNe,33.76234939999999,52.985213,0.6847007353333333,15,Clear-Sky,0.09782707820417579,2020-05-24
2020-05-24 15:15:00,4135001,131077.625001,12838.7535714,7068.882305136363,6924406.246,2020-05-24 15:15:00,HmiyD2TTLFNqkNe,33.761303733333335,54.00686426666665,0.476600342,15,Clear-Sky,0.09794771282514504,2020-05-24
2020-05-24 15:30:00,4135001,85289.749999,8368.8749999,7188.6006492727265,6924525.9643636355,2020-05-24 15:30:00,HmiyD2TTLFNqkNe,33.279722071428566,45.374740642857134,0.238672855,15,Cloud-Affected,0.09812286939518666,2020-05-24
2020-05-24 15:45:00,4135001,67334.62500100001,6605.6249999,7275.337662363637,6924612.701272727,2020-05-24 15:45:00,HmiyD2TTLFNqkNe,32.816959600000004,40.0954304,0.21446764,15,Cloud-Affected,0.09810145968440305,2020-05-24
2020-05-24 16:00:00,4135001,92390.57143,9055.8803571,7352.225649318181,6924689.589318182,2020-05-24 16:00:00,HmiyD2TTLFNqkNe,32.72800313333334,38.61097186666667,0.2873007813333333,16,Cloud-Affected,0.09801736494249542,2020-05-24
2020-05-24 16:15:00,4135001,88096.678571,8637.1285714,7468.61444809091,6924805.978045454,2020-05-24 16:15:00,HmiyD2TTLFNqkNe,33.25120033333334,42.48199053333333,0.2895850273333333,16,Cloud-Affected,0.09804147797058042,2020-05-24
2020-05-24 16:30:00,4135001,76882.857144,7539.7107141999995,7559.022727272727,6924896.386363637,2020-05-24 16:30:00,HmiyD2TTLFNqkNe,32.82929440000001,40.124707066666666,0.2425447946666666,16,Cloud-Affected,0.0980675145836253,2020-05-24
2020-05-24 16:45:00,4135001,88822.089286,8716.7785715,7644.234577909091,6924981.598227274,2020-05-24 16:45:00,HmiyD2TTLFNqkNe,32.72574673333334,39.121545600000005,0.3035469626666667,16,Clear-Sky,0.09813750882883056,2020-05-24
2020-05-24 17:00:00,4135001,88017.499998,8647.9589286,7744.747564954546,6925082.111181819,2020-05-24 17:00:00,HmiyD2TTLFNqkNe,32.85508646666668,40.3697468,0.2947314606666666,17,Cloud-Affected,0.09825272166099361,2020-05-24
2020-05-24 17:15:00,4135001,57869.821429,5678.1732142,7826.745941499999,6925164.109636364,2020-05-24 17:15:00,HmiyD2TTLFNqkNe,32.515638933333335,38.29546746666666,0.199998688,17,Cloud-Affected,0.09811976387669527,2020-05-24
2020-05-24 17:30:00,4135001,38298.660715,3749.5839284999997,7879.7199675,6925217.083636364,2020-05-24 17:30:00,HmiyD2TTLFNqkNe,31.9316625,35.02001971428571,0.1373132696428571,17,Cloud-Affected,0.09790378719513404,2020-05-24
2020-05-24 17:45:00,4135001,24003.3928567,2333.3339285,7913.896915545454,6925251.26059091,2020-05-24 17:45:00,HmiyD2TTLFNqkNe,31.36695346666667,32.592636866666666,0.0881270817333333,17,Cloud-Affected,0.09720850474889024,2020-05-24
2020-05-25 08:00:00,4135001,76654.428571,7521.6,356.4025974045455,6925647.811590909,2020-05-25 08:00:00,HmiyD2TTLFNqkNe,24.688751333333336,31.77211313333333,0.2420931633333333,8,Cloud-Affected,0.09812348927802955,2020-05-25
2020-05-25 08:15:00,4135001,129853.625,12724.5,468.6761363636364,6925760.107954546,2020-05-25 08:15:00,HmiyD2TTLFNqkNe,24.931500133333333,34.9920044,0.4445730093333333,8,Clear-Sky,0.09799110344435899,2020-05-25
2020-05-25 08:30:00,4135001,146843.285717,14383.3000001,622.1883116909091,6925913.597409091,2020-05-25 08:30:00,HmiyD2TTLFNqkNe,25.73379057142857,40.25765564285714,0.5047311078571429,8,Clear-Sky,0.09795000111765308,2020-05-25
2020-05-25 08:45:00,4135001,163322.875,15990.9875,795.6363636363636,6926087.045454546,2020-05-25 08:45:00,HmiyD2TTLFNqkNe,26.3876404,43.30431733333333,0.5570171753333333,8,Clear-Sky,0.09791027435685294,2020-05-25
2020-05-25 09:00:00,4135001,181661.99999799998,17778.8428572,988.1038960545454,6926279.513,2020-05-25 09:00:00,HmiyD2TTLFNqkNe,26.970560666666664,45.55024,0.6182257626666666,9,Clear-Sky,0.09786770407347567,2020-05-25
2020-05-25 09:15:00,4135001,196268.875,19201.7375,1198.9772727272727,6926490.386363637,2020-05-25 09:15:00,HmiyD2TTLFNqkNe,27.714882333333332,48.363682,0.6704487179999999,9,Clear-Sky,0.09783383891103467,2020-05-25
2020-05-25 09:30:00,4135001,209238.142854,20464.1857142,1424.7402597272726,6926716.149363637,2020-05-25 09:30:00,HmiyD2TTLFNqkNe,28.173484266666676,49.310594,0.7147616046666667,9,Clear-Sky,0.09780332321377602,2020-05-25
2020-05-25 09:45:00,4135001,222074.857139,21712.8857146,1661.9107143181818,6926953.319772727,2020-05-25 09:45:00,HmiyD2TTLFNqkNe,28.5507568,51.14308473333334,0.7630363573333334,9,Clear-Sky,0.0977728230666364,2020-05-25
2020-05-25 10:00:00,4135001,230920.05359,22572.0428593,1914.9561688181818,6927206.365272728,2020-05-25 10:00:00,HmiyD2TTLFNqkNe,28.6851826,52.74471266666666,0.8024272126666667,10,Clear-Sky,0.0977483008010071,2020-05-25
2020-05-25 10:15:00,4135001,230873.2143,22560.1714283,2168.797889636364,6927460.206954545,2020-05-25 10:15:00,HmiyD2TTLFNqkNe,29.217750933333328,53.50141380000001,0.8341566393333333,10,Clear-Sky,0.0977167121647338,2020-05-25
2020-05-25 10:30:00,4135001,245928.66073,24013.687498,2432.4894480454545,6927723.898545455,2020-05-25 10:30:00,HmiyD2TTLFNqkNe,29.567946466666665,55.37232273333334,0.8627664733333335,10,Clear-Sky,0.0976449325862191,2020-05-25
2020-05-25 10:45:00,4135001,255876.85716,24964.317858,2709.6810064545457,6928001.090136364,2020-05-25 10:45:00,HmiyD2TTLFNqkNe,29.84079428571429,58.03428871428572,0.8917315042857143,10,Clear-Sky,0.09756379742615719,2020-05-25
2020-05-25 11:00:00,4135001,261314.67857,25487.848213,2998.0714285909094,6928289.4805000005,2020-05-25 11:00:00,HmiyD2TTLFNqkNe,30.38230993333333,59.35841486666666,0.9131820933333334,11,Clear-Sky,0.09753699391277178,2020-05-25
2020-05-25 11:15:00,4135001,265383.46428,25881.605357,3288.3563312272727,6928579.765363636,2020-05-25 11:15:00,HmiyD2TTLFNqkNe,30.986580466666663,60.1309834,0.9288445293333332,11,Clear-Sky,0.09752531276663459,2020-05-25
2020-05-25 11:30:00,4135001,270079.57142,26336.675,3586.654220772727,6928878.063318182,2020-05-25 11:30:00,HmiyD2TTLFNqkNe,31.036269066666662,60.58494866666666,0.947984686,11,Clear-Sky,0.09751450234288142,2020-05-25
2020-05-25 11:45:00,4135001,274643.16068,26779.523216,3886.8279221818184,6929178.2369090915,2020-05-25 11:45:00,HmiyD2TTLFNqkNe,31.56218266666667,58.13640526666666,0.9587958633333332,11,Clear-Sky,0.09750660875623303,2020-05-25
2020-05-25 12:00:00,4135001,274985.44643,26812.625,4193.663149363637,6929485.072227272,2020-05-25 12:00:00,HmiyD2TTLFNqkNe,31.597302133333333,58.96815806666666,0.9652258986666667,12,Clear-Sky,0.09750561474468938,2020-05-25
2020-05-25 12:15:00,4135001,277025.85713,27011.314287,4498.467532454545,6929789.876636363,2020-05-25 12:15:00,HmiyD2TTLFNqkNe,32.02379753333333,58.25814226666666,0.970586436,12,Clear-Sky,0.09750466821703359,2020-05-25
2020-05-25 12:30:00,4135001,276426.625,26952.95,4805.517045454545,6930096.926136363,2020-05-25 12:30:00,HmiyD2TTLFNqkNe,32.30198566666667,58.666117466666655,0.9666168293333331,12,Clear-Sky,0.09750489845180435,2020-05-25
2020-05-25 12:45:00,4135001,273846.99999,26702.37143,5111.298701409091,6930402.707681819,2020-05-25 12:45:00,HmiyD2TTLFNqkNe,32.36792450000001,60.75254,0.9600062992857142,12,Clear-Sky,0.09750835842998129,2020-05-25
2020-05-25 13:00:00,4135001,270429.0,26370.9375,5414.607954545455,6930706.017045454,2020-05-25 13:00:00,HmiyD2TTLFNqkNe,32.788692133333335,60.102559266666674,0.9453285046666666,13,Clear-Sky,0.09751519807417104,2020-05-25
2020-05-25 13:15:00,4135001,262416.73809,25592.466666,5713.838744636364,6931005.247818181,2020-05-25 13:15:00,HmiyD2TTLFNqkNe,33.254821857142865,60.86849728571429,0.9130500964285714,13,Clear-Sky,0.097526045222095,2020-05-25
2020-05-25 13:30:00,4135001,250835.07143,24488.328571,5997.155844181819,6931288.564909091,2020-05-25 13:30:00,HmiyD2TTLFNqkNe,33.4319154,60.258821466666674,0.8658357226666666,13,Clear-Sky,0.09762721150353132,2020-05-25
2020-05-25 13:45:00,4135001,255962.4107,24972.653573,6277.974837636363,6931569.3839545455,2020-05-25 13:45:00,HmiyD2TTLFNqkNe,33.4819584,59.38402526666668,0.879347218,13,Clear-Sky,0.09756375361798388,2020-05-25
2020-05-25 14:00:00,4135001,250431.51786,24446.066071,6556.892857136364,6931848.301954546,2020-05-25 14:00:00,HmiyD2TTLFNqkNe,33.32365333333333,58.80879913333334,0.8607233646666665,14,Clear-Sky,0.09761577248701662,2020-05-25
2020-05-25 14:15:00,4135001,231765.10713,22654.5428563,6826.6777596363645,6932118.086954545,2020-05-25 14:15:00,HmiyD2TTLFNqkNe,33.540535600000005,59.177929600000006,0.7999019353333332,14,Clear-Sky,0.09774785832447495,2020-05-25
2020-05-25 14:30:00,4135001,222678.089281,21769.6732142,7080.49594159091,6932371.905,2020-05-25 14:30:00,HmiyD2TTLFNqkNe,33.7554728,56.660072933333325,0.7431429239999999,14,Clear-Sky,0.09776297831767634,2020-05-25
2020-05-25 14:45:00,4135001,206287.821428,20173.346427700002,7314.764610409091,6932606.173681819,2020-05-25 14:45:00,HmiyD2TTLFNqkNe,34.09684771428572,54.98997742857143,0.760303092142857,14,Clear-Sky,0.09779223168897076,2020-05-25
2020-05-25 15:00:00,4135001,222198.285723,21724.958929,7550.2467533181825,6932841.655772727,2020-05-25 15:00:00,HmiyD2TTLFNqkNe,34.382596666666664,57.54735093333333,0.7549121526666667,15,Clear-Sky,0.09777284670901142,2020-05-25
2020-05-25 15:15:00,4135001,195367.892857,19113.1696429,7785.68344159091,6933077.0925,2020-05-25 15:15:00,HmiyD2TTLFNqkNe,34.232936733333325,54.871441666666655,0.6773567373333333,15,Clear-Sky,0.0978316823885178,2020-05-25
2020-05-25 15:30:00,4135001,173667.803571,16997.9160714,7983.806818227273,6933275.248318181,2020-05-25 15:30:00,HmiyD2TTLFNqkNe,34.278066,49.945772133333335,0.5049492813333333,15,Clear-Sky,0.09787603529200391,2020-05-25
2020-05-25 15:45:00,4135001,187186.910713,18316.8732143,8192.394480545454,6933483.8035454545,2020-05-25 15:45:00,HmiyD2TTLFNqkNe,34.629477933333334,50.88533153333333,0.6294453433333332,15,Clear-Sky,0.09785338699447807,2020-05-25
2020-05-25 16:00:00,4135001,168689.57143,16513.4857141,8392.993506454544,6933684.402636364,2020-05-25 16:00:00,HmiyD2TTLFNqkNe,34.7056704,51.99498913333333,0.5514050859999999,16,Clear-Sky,0.09789274804668344,2020-05-25
2020-05-25 16:15:00,4135001,95108.875,9337.3,8533.875,6933825.284090909,2020-05-25 16:15:00,HmiyD2TTLFNqkNe,34.31009746666667,46.1497108,0.306095652,16,Clear-Sky,0.09817485487027366,2020-05-25
2020-05-25 16:30:00,4135001,43466.428572,4258.7714285,8615.785714272728,6933907.194818183,2020-05-25 16:30:00,HmiyD2TTLFNqkNe,33.7051188,39.0915042,0.1337362736666667,16,Cloud-Affected,0.09797840697782555,2020-05-25
2020-05-25 16:45:00,4135001,29196.0,2840.975,8653.357954545454,6933944.767045454,2020-05-25 16:45:00,HmiyD2TTLFNqkNe,32.85124421428571,34.75786921428571,0.0878115582857142,16,Cloud-Affected,0.09730699410878202,2020-05-25
2020-05-25 17:00:00,4135001,24905.142859,2421.2142857,8683.188311681819,6933974.597409091,2020-05-25 17:00:00,HmiyD2TTLFNqkNe,32.63336773333333,33.21449166666667,0.0755440882,17,Cloud-Affected,0.09721744217279375,2020-05-25
2020-05-25 17:15:00,4135001,21416.5,2080.525,8709.40340909091,6934000.8125,2020-05-25 17:15:00,HmiyD2TTLFNqkNe,32.45497006666667,32.520924533333336,0.0674540515333333,17,Cloud-Affected,0.0971458921859314,2020-05-25
2020-05-25 17:30:00,4135001,15363.8571429,1488.67142856,8729.961038818183,6934021.370272727,2020-05-25 17:30:00,HmiyD2TTLFNqkNe,32.222483600000004,31.912021933333328,0.0506183510666666,17,Cloud-Affected,0.09689438106028929,2020-05-25
2020-05-25 17:45:00,4135001,10723.5535714,1037.15535715,8743.4439935,6934034.853090909,2020-05-25 17:45:00,HmiyD2TTLFNqkNe,30.906561266666667,30.832251133333333,0.0367549387333333,17,Cloud-Affected,0.09671750602487973,2020-05-25
2020-05-26 08:00:00,4135001,111467.178573,10928.5107141,411.4650974045455,6934469.328772727,2020-05-26 08:00:00,HmiyD2TTLFNqkNe,25.354199066666663,35.498592200000004,0.3957623673333333,8,Clear-Sky,0.09804240902126095,2020-05-26
2020-05-26 08:15:00,4135001,129811.517856,12720.3464286,546.0154220727272,6934603.879136363,2020-05-26 08:15:00,HmiyD2TTLFNqkNe,26.096950071428576,39.086399571428565,0.4513733507142856,8,Clear-Sky,0.09799089201553507,2020-05-26
2020-05-26 08:30:00,4135001,147847.250001,14481.433928800001,699.8530844136363,6934757.716772727,2020-05-26 08:30:00,HmiyD2TTLFNqkNe,26.6344054,41.77922546666666,0.5080059100000001,8,Clear-Sky,0.09794861878528043,2020-05-26
2020-05-26 08:45:00,4135001,164710.446428,16126.4339286,873.6095779227272,6934931.473227274,2020-05-26 08:45:00,HmiyD2TTLFNqkNe,26.999525933333327,43.4644392,0.5608459200000001,8,Clear-Sky,0.09790777864019305,2020-05-26
2020-05-26 09:00:00,4135001,180598.874999,17675.4642858,1064.5892857227273,6935122.452909091,2020-05-26 09:00:00,HmiyD2TTLFNqkNe,27.205737133333333,45.212386133333325,0.6152906573333333,9,Clear-Sky,0.09787139751506134,2020-05-26
2020-05-26 09:15:00,4135001,194568.999999,19036.2553572,1274.6112012727272,6935332.474863636,2020-05-26 09:15:00,HmiyD2TTLFNqkNe,27.668807,48.98255793333334,0.666398724,9,Clear-Sky,0.09783806956554147,2020-05-26
2020-05-26 09:30:00,4135001,208863.910715,20427.7821431,1497.850649409091,6935555.714227273,2020-05-26 09:30:00,HmiyD2TTLFNqkNe,27.95082393333333,51.054569666666666,0.7201458673333331,9,Clear-Sky,0.0978042691682347,2020-05-26
2020-05-26 09:45:00,4135001,215653.982146,21086.9339285,1738.2264610454547,6935796.090090909,2020-05-26 09:45:00,HmiyD2TTLFNqkNe,28.3790078,53.2701114,0.7660080266666666,9,Clear-Sky,0.09778133340577001,2020-05-26
2020-05-26 10:00:00,4135001,234480.42857,22916.0714292,1983.6818181818182,6936041.545454546,2020-05-26 10:00:00,HmiyD2TTLFNqkNe,28.9688944,54.075234266666655,0.8155462639999999,10,Clear-Sky,0.09773127577834843,2020-05-26
2020-05-26 10:15:00,4135001,216227.10714,21116.7749996,2234.5186688181816,6936292.382318183,2020-05-26 10:15:00,HmiyD2TTLFNqkNe,29.61952421428572,55.34798971428572,0.719329505,10,Clear-Sky,0.09766016517960245,2020-05-26
2020-05-26 10:30:00,4135001,259007.642869,25270.4482157,2494.813311681818,6936552.676954546,2020-05-26 10:30:00,HmiyD2TTLFNqkNe,29.580118799999997,57.320168,0.9841090573333332,10,Clear-Sky,0.09756641902834196,2020-05-26
2020-05-26 10:45:00,4135001,246529.25001,24059.1285733,2781.2102272727275,6936839.073863637,2020-05-26 10:45:00,HmiyD2TTLFNqkNe,29.96776533333333,59.424285733333335,0.8521106573333334,10,Clear-Sky,0.09759137535332658,2020-05-26
2020-05-26 11:00:00,4135001,268067.80357,26148.817858,3054.2150974545452,6937112.078681818,2020-05-26 11:00:00,HmiyD2TTLFNqkNe,30.10053313333333,56.94452306666666,0.988618098666667,11,Clear-Sky,0.09754553702370233,2020-05-26
2020-05-26 11:15:00,4135001,170245.303569,16646.9482142,3305.7532467727274,6937363.616863637,2020-05-26 11:15:00,HmiyD2TTLFNqkNe,30.313747133333337,55.357067933333326,0.580431214,11,Clear-Sky,0.09778212887648342,2020-05-26
2020-05-26 11:30:00,4135001,241034.91071,23523.776785,3540.645292181818,6937598.5089545455,2020-05-26 11:30:00,HmiyD2TTLFNqkNe,30.505511533333333,57.031303066666666,0.838770058,11,Clear-Sky,0.09759489492915206,2020-05-26
2020-05-26 11:45:00,4135001,215185.464279,21017.3446417,3785.1314934545458,6937842.995181818,2020-05-26 11:45:00,HmiyD2TTLFNqkNe,30.716996333333327,52.6329488,0.7052639533333332,11,Clear-Sky,0.09767083809364482,2020-05-26
2020-05-26 12:00:00,4135001,231785.232143,22622.512499700002,4025.5998376363636,6938083.4635,2020-05-26 12:00:00,HmiyD2TTLFNqkNe,30.900615071428568,53.412794,0.6880905792857142,12,Clear-Sky,0.09760118144948524,2020-05-26
2020-05-26 12:15:00,4135001,278563.46427,27163.685712,4321.413961045455,6938379.277590909,2020-05-26 12:15:00,HmiyD2TTLFNqkNe,31.35813793333333,59.133262,1.0541559813333337,12,Clear-Sky,0.0975134545486244,2020-05-26
2020-05-26 12:30:00,4135001,172118.142853,16822.9785714,4547.655844181819,6938605.519454545,2020-05-26 12:30:00,HmiyD2TTLFNqkNe,31.578393466666665,54.042319733333336,0.5448555493333334,12,Clear-Sky,0.09774087898315234,2020-05-26
2020-05-26 12:45:00,4135001,268710.58929,26211.308927,4807.887175272727,6938865.750863636,2020-05-26 12:45:00,HmiyD2TTLFNqkNe,32.030253133333325,59.7176536,1.008637932,12,Clear-Sky,0.09754475622362624,2020-05-26
2020-05-26 13:00:00,4135001,180054.482144,17596.3964286,5080.817370181818,6939138.680954546,2020-05-26 13:00:00,HmiyD2TTLFNqkNe,32.626951000000005,60.1761166,0.6823728553333333,13,Clear-Sky,0.09772817771082834,2020-05-26
2020-05-26 13:15:00,4135001,189248.482147,18488.0821428,5237.780032363637,6939295.643772727,2020-05-26 13:15:00,HmiyD2TTLFNqkNe,32.06863799999999,50.04413893333333,0.5918467893333333,13,Clear-Sky,0.0976921026422778,2020-05-26
2020-05-26 13:30:00,4135001,236891.482145,23122.2178571,5506.8060065,6939564.669636363,2020-05-26 13:30:00,HmiyD2TTLFNqkNe,32.80097026666667,58.15341173333333,0.818109888,13,Clear-Sky,0.09760679298273382,2020-05-26
2020-05-26 13:45:00,4135001,270711.21429,26400.717857,5783.761363636364,6939841.625,2020-05-26 13:45:00,HmiyD2TTLFNqkNe,33.185274066666665,61.56432686666666,0.9566406293333332,13,Clear-Sky,0.09752354709885853,2020-05-26
2020-05-26 14:00:00,4135001,182414.75,17828.3107143,6042.767857181819,6940100.631454545,2020-05-26 14:00:00,HmiyD2TTLFNqkNe,33.488021,59.663859200000005,0.7188153760000001,14,Clear-Sky,0.09773502808462584,2020-05-26
2020-05-26 14:15:00,4135001,75814.44643,7447.3160713,6174.133116909091,6940231.996727273,2020-05-26 14:15:00,HmiyD2TTLFNqkNe,32.707593357142855,48.42773878571429,0.24348246,14,Cloud-Affected,0.09823083095615766,2020-05-26
2020-05-26 14:30:00,4135001,158090.5,15467.0714284,6309.23944809091,6940367.103045454,2020-05-26 14:30:00,HmiyD2TTLFNqkNe,32.27215373333334,44.45963126666666,0.445260018,14,Clear-Sky,0.0978368176987232,2020-05-26
2020-05-26 14:45:00,4135001,100082.696429,9824.1660713,6450.267045454545,6940508.130681818,2020-05-26 14:45:00,HmiyD2TTLFNqkNe,32.34491993333334,43.7751686,0.302484416,14,Clear-Sky,0.09816048549680507,2020-05-26
2020-05-26 15:00:00,4135001,99247.660714,9739.7232143,6560.779220727272,6940618.642909091,2020-05-26 15:00:00,HmiyD2TTLFNqkNe,32.281588,41.69365866666666,0.327377192,15,Clear-Sky,0.09813554439702882,2020-05-26
2020-05-26 15:15:00,4135001,93425.50000100001,9167.5982144,6667.347402590909,6940725.211045455,2020-05-26 15:15:00,HmiyD2TTLFNqkNe,32.39553246666666,42.82737193333334,0.319140978,15,Clear-Sky,0.09812736580807031,2020-05-26
2020-05-26 15:30:00,4135001,177462.785715,17367.2392857,6815.083603954546,6940872.947181818,2020-05-26 15:30:00,HmiyD2TTLFNqkNe,32.8598512,46.55671166666666,0.5361376973333333,15,Clear-Sky,0.09786411959965102,2020-05-26
2020-05-26 15:45:00,4135001,166088.589285,16260.1910715,7005.879058454546,6941063.742681817,2020-05-26 15:45:00,HmiyD2TTLFNqkNe,33.26259353333333,48.231889,0.5286599566666667,15,Clear-Sky,0.09790071155098017,2020-05-26
2020-05-26 16:00:00,4135001,112561.125,11034.6392856,7164.515422136364,6941222.379,2020-05-26 16:00:00,HmiyD2TTLFNqkNe,33.40587706666668,46.34387413333334,0.37085346,16,Clear-Sky,0.09803241825807978,2020-05-26
2020-05-26 16:15:00,4135001,139076.321429,13625.2999999,7306.939123363636,6941364.802772728,2020-05-26 16:15:00,HmiyD2TTLFNqkNe,33.265648642857144,44.920237928571424,0.4515764164285714,16,Clear-Sky,0.09796994815437268,2020-05-26
2020-05-26 16:30:00,4135001,117984.017859,11565.2607142,7450.781655863637,6941508.645272728,2020-05-26 16:30:00,HmiyD2TTLFNqkNe,33.16755933333334,43.82860906666667,0.3930785846666666,16,Clear-Sky,0.09802396056745057,2020-05-26
2020-05-26 16:45:00,4135001,130992.982143,12835.8071429,7586.8685065,6941644.732136363,2020-05-26 16:45:00,HmiyD2TTLFNqkNe,33.059299933333335,42.801250933333336,0.4251206693333333,16,Clear-Sky,0.09798851001718277,2020-05-26
2020-05-26 17:00:00,4135001,93045.892856,9125.3285714,7722.508116863636,6941780.371772727,2020-05-26 17:00:00,HmiyD2TTLFNqkNe,33.04103613333332,42.6021344,0.3109964793333333,17,Clear-Sky,0.09807341615306514,2020-05-26
2020-05-26 17:15:00,4135001,22259.6607144,2164.81071428,7780.403409090909,6941838.267045454,2020-05-26 17:15:00,HmiyD2TTLFNqkNe,32.083526600000006,36.04578060000001,0.0699064925333333,17,Cloud-Affected,0.09725263749772978,2020-05-26
2020-05-26 17:30:00,4135001,14232.5000001,1377.89821429,7799.330357181819,6941857.193954545,2020-05-26 17:30:00,HmiyD2TTLFNqkNe,31.256394333333333,31.672898466666663,0.0440678129333333,17,Cloud-Affected,0.09681350530689047,2020-05-26
2020-05-26 17:45:00,4135001,11071.9107142,1070.99107141,7813.378246727272,6941871.24190909,2020-05-26 17:45:00,HmiyD2TTLFNqkNe,30.519482466666663,30.251395666666667,0.0352655896,17,Cloud-Affected,0.09673046496269405,2020-05-26
2020-05-27 08:00:00,4135001,102644.125001,10070.1535716,395.31331169090913,6942282.189909091,2020-05-27 08:00:00,HmiyD2TTLFNqkNe,26.1143576,35.96729740000001,0.3424570506666667,8,Clear-Sky,0.09810745204854046,2020-05-27
2020-05-27 08:15:00,4135001,127223.011904,12468.2565476,523.7908549818181,6942410.290818182,2020-05-27 08:15:00,HmiyD2TTLFNqkNe,26.739856000000003,38.96813346666666,0.453155868,8,Clear-Sky,0.09800315494030516,2020-05-27
2020-05-27 08:30:00,4135001,124004.571429,12154.9839286,671.5340909090909,6942558.727590909,2020-05-27 08:30:00,HmiyD2TTLFNqkNe,27.1763814,40.5386984,0.4485121606666667,8,Clear-Sky,0.09802045028283052,2020-05-27
2020-05-27 08:45:00,4135001,158182.47619000002,15489.0517857,828.8154761954545,6942714.282136363,2020-05-27 08:45:00,HmiyD2TTLFNqkNe,27.553778,41.08350839999999,0.5601515626666665,8,Clear-Sky,0.09791888557298477,2020-05-27
2020-05-27 09:00:00,4135001,177142.107142,17336.9374999,1010.2209415863637,6942897.249727272,2020-05-27 09:00:00,HmiyD2TTLFNqkNe,27.842344266666668,44.2842408,0.6134782713333334,9,Clear-Sky,0.09787022283754607,2020-05-27
2020-05-27 09:15:00,4135001,182864.089285,17893.5457141,1207.3535714545453,6943094.038409091,2020-05-27 09:15:00,HmiyD2TTLFNqkNe,28.183992466666663,47.58702806666666,0.63148828,9,Clear-Sky,0.0978516109098506,2020-05-27
2020-05-27 09:30:00,4135001,189068.672619,18493.119642999998,1411.6785714545456,6943297.761863637,2020-05-27 09:30:00,HmiyD2TTLFNqkNe,28.570597266666667,49.2665142,0.690779268,9,Clear-Sky,0.09781165428852531,2020-05-27
2020-05-27 09:45:00,4135001,184712.675,18059.7564291,1636.4930194545452,6943523.377454545,2020-05-27 09:45:00,HmiyD2TTLFNqkNe,29.141590642857143,50.96223692857144,0.6264925335714285,9,Clear-Sky,0.09777215575000472,2020-05-27
2020-05-27 10:00:00,4135001,179902.3,17598.7166666,1853.0492424545455,6943739.549272727,2020-05-27 10:00:00,HmiyD2TTLFNqkNe,29.011586333333334,47.639289111111104,0.66640501,10,Clear-Sky,0.09782374470254133,2020-05-27
2020-05-27 10:15:00,4135001,135950.660714,13316.0696428,1996.9099026818183,6943884.527227273,2020-05-27 10:15:00,HmiyD2TTLFNqkNe,29.150216214285717,46.961443357142855,0.4552519278571428,10,Clear-Sky,0.09794781116079365,2020-05-27
2020-05-27 10:30:00,4135001,186942.041668,18280.2779761,2181.7835496818184,6944067.493636364,2020-05-27 10:30:00,HmiyD2TTLFNqkNe,29.157197866666667,47.72198893333333,0.611992378,10,Clear-Sky,0.09778580469643573,2020-05-27
2020-05-27 10:45:00,4135001,161357.499999,15787.4714284,2356.9415585,6944243.8095,2020-05-27 10:45:00,HmiyD2TTLFNqkNe,29.738852999999995,47.4182232,0.563158282,10,Clear-Sky,0.09784157184201442,2020-05-27
2020-05-27 11:00:00,4135001,168393.964286,16477.1285714,2558.9886364090908,6944445.48859091,2020-05-27 11:00:00,HmiyD2TTLFNqkNe,29.9996884,49.968572866666655,0.562169516,11,Clear-Sky,0.09784868858728972,2020-05-27
2020-05-27 11:15:00,4135001,248979.09525,24291.770239,2761.232684,6944647.231136364,2020-05-27 11:15:00,HmiyD2TTLFNqkNe,30.1848064,50.714097,0.8336664386666666,11,Clear-Sky,0.0975655012908157,2020-05-27
2020-05-27 11:30:00,4135001,268791.66666,26215.605953,3059.104978409091,6944945.604954546,2020-05-27 11:30:00,HmiyD2TTLFNqkNe,31.295017400000003,60.84368073333333,0.965868116,11,Clear-Sky,0.09753131962294295,2020-05-27
2020-05-27 11:45:00,4135001,213991.24999799998,20899.3482148,3337.394480590909,6945223.89440909,2020-05-27 11:45:00,HmiyD2TTLFNqkNe,31.858074933333327,61.51417646666666,0.754565452,11,Clear-Sky,0.09766449896897808,2020-05-27
2020-05-27 12:00:00,4135001,266222.5,25971.926785,3596.536525954545,6945483.0365454545,2020-05-27 12:00:00,HmiyD2TTLFNqkNe,31.9470338,62.420866,1.0365607706666664,12,Clear-Sky,0.09755721918695828,2020-05-27
2020-05-27 12:15:00,4135001,173560.821433,16976.7053565,3850.7548700454545,6945737.254954546,2020-05-27 12:15:00,HmiyD2TTLFNqkNe,32.10408907142858,59.949493357142856,0.5983157728571428,12,Clear-Sky,0.09781415653793472,2020-05-27
2020-05-27 12:30:00,4135001,153139.910714,14987.6607144,4016.838474045455,6945903.3384545455,2020-05-27 12:30:00,HmiyD2TTLFNqkNe,32.095951199999995,51.93161206666666,0.5748687466666667,12,Clear-Sky,0.09786907047628202,2020-05-27
2020-05-27 12:45:00,4135001,171476.785713,16768.9500002,4223.435876545454,6946109.935954545,2020-05-27 12:45:00,HmiyD2TTLFNqkNe,32.27157786666667,53.3307006,0.6274043513333333,12,Clear-Sky,0.09779137117875607,2020-05-27
2020-05-27 13:00:00,4135001,202277.624999,19769.525,4427.4180195,6946313.9180000005,2020-05-27 13:00:00,HmiyD2TTLFNqkNe,32.52562053333333,52.57054206666666,0.7174661713333332,13,Clear-Sky,0.09773461103321604,2020-05-27
2020-05-27 13:15:00,4135001,107412.892856,10534.5321428,4599.289772681818,6946485.789818182,2020-05-27 13:15:00,HmiyD2TTLFNqkNe,32.66443473333334,48.46199133333333,0.3488823366666666,13,Clear-Sky,0.09807511801141802,2020-05-27
2020-05-27 13:30:00,4135001,95533.113096,9377.5827382,4702.772456772727,6946588.916318182,2020-05-27 13:30:00,HmiyD2TTLFNqkNe,32.20655313333332,42.755688333333325,0.2994810686666667,13,Cloud-Affected,0.09816054804763441,2020-05-27
2020-05-27 13:45:00,4135001,97894.12499899999,9609.1053571,4814.370129863636,6946700.870136364,2020-05-27 13:45:00,HmiyD2TTLFNqkNe,32.32926846666666,42.2032632,0.3057066466666666,13,Clear-Sky,0.0981581413307301,2020-05-27
2020-05-27 14:00:00,4135001,93571.267855,9189.5535714,4919.426948045454,6946805.926954546,2020-05-27 14:00:00,HmiyD2TTLFNqkNe,32.31917286666666,41.912998266666655,0.3037400713333333,14,Clear-Sky,0.09820913814741,2020-05-27
2020-05-27 14:15:00,4135001,90297.410715,8869.7589288,5023.805194818182,6946910.305181817,2020-05-27 14:15:00,HmiyD2TTLFNqkNe,32.301509666666675,42.75711873333334,0.2856979239999999,14,Cloud-Affected,0.09822827541306868,2020-05-27
2020-05-27 14:30:00,4135001,208009.125003,20327.0464284,5180.905844181819,6947067.405818182,2020-05-27 14:30:00,HmiyD2TTLFNqkNe,32.7693424,47.220991733333335,0.6554787686666667,14,Clear-Sky,0.09772189767207008,2020-05-27
2020-05-27 14:45:00,4135001,110749.452382,10848.227381,5366.955357090909,6947253.455409091,2020-05-27 14:45:00,HmiyD2TTLFNqkNe,32.97901057142858,49.883756,0.3612557564285714,14,Clear-Sky,0.09795287604296228,2020-05-27
2020-05-27 15:00:00,4135001,110966.982141,10883.7785713,5486.930194818182,6947373.430181817,2020-05-27 15:00:00,HmiyD2TTLFNqkNe,32.9282166,45.9347556,0.3312335933333333,15,Clear-Sky,0.09808123426723947,2020-05-27
2020-05-27 15:15:00,4135001,93367.589284,9156.1839285,5604.771103863636,6947491.271136364,2020-05-27 15:15:00,HmiyD2TTLFNqkNe,32.6388932,43.367417200000006,0.2769386199999999,15,Cloud-Affected,0.0980659776986344,2020-05-27
2020-05-27 15:30:00,4135001,184323.392856,18035.2535715,5746.599837727273,6947633.099772727,2020-05-27 15:30:00,HmiyD2TTLFNqkNe,31.765978933333333,44.435286533333326,0.615993176,15,Clear-Sky,0.09784571177891557,2020-05-27
2020-05-27 15:45:00,4135001,137104.749999,13428.0714284,5946.523539000001,6947833.023499999,2020-05-27 15:45:00,HmiyD2TTLFNqkNe,32.458738266666664,48.128287933333326,0.462262998,15,Clear-Sky,0.09794023495537493,2020-05-27
2020-05-27 16:00:00,4135001,141093.660715,13821.6499999,6090.600649318181,6947977.100681818,2020-05-27 16:00:00,HmiyD2TTLFNqkNe,32.22288606666666,44.19463313333334,0.476263588,16,Clear-Sky,0.09796081503490672,2020-05-27
2020-05-27 16:15:00,4135001,113226.339287,11097.028571499999,6228.847402636364,6948115.347363636,2020-05-27 16:15:00,HmiyD2TTLFNqkNe,32.06696146666666,43.23507873333333,0.3650563653333333,16,Clear-Sky,0.09800748342990982,2020-05-27
2020-05-27 16:30:00,4135001,108788.035715,10665.6482143,6357.159090863636,6948243.659136363,2020-05-27 16:30:00,HmiyD2TTLFNqkNe,32.060280266666666,42.74383126666667,0.3655789026666666,16,Clear-Sky,0.09804063603319009,2020-05-27
2020-05-27 16:45:00,4135001,67808.017857,6652.3732144,6455.429383090909,6948341.92940909,2020-05-27 16:45:00,HmiyD2TTLFNqkNe,31.461081866666667,39.37515073333333,0.2224269813333333,16,Cloud-Affected,0.09810599726464733,2020-05-27
2020-05-27 17:00:00,4135001,58180.232143,5705.9910712,6523.9699675,6948410.47,2020-05-27 17:00:00,HmiyD2TTLFNqkNe,30.93136807142857,35.767237857142845,0.1805451735714285,17,Cloud-Affected,0.09807439504839653,2020-05-27
2020-05-27 17:15:00,4135001,39244.142858,3840.2464285,6579.158279272728,6948465.658227273,2020-05-27 17:15:00,HmiyD2TTLFNqkNe,30.445636066666676,33.627032533333335,0.1241333933333333,17,Cloud-Affected,0.09785527594258968,2020-05-27
2020-05-27 17:30:00,4135001,20198.982143,1961.24285714,6611.492694863637,6948497.992636364,2020-05-27 17:30:00,HmiyD2TTLFNqkNe,30.095953266666665,31.55705773333333,0.0632720198666666,17,Cloud-Affected,0.09709612312418786,2020-05-27
2020-05-27 17:45:00,4135001,13355.7321428,1293.06964285,6629.498376636364,6948515.9983636355,2020-05-27 17:45:00,HmiyD2TTLFNqkNe,29.846213866666663,30.149639866666664,0.042321342,17,Cloud-Affected,0.0968175783270022,2020-05-27
2020-05-28 08:00:00,4135001,110366.339286,10821.3892858,423.2751623363636,6948952.91159091,2020-05-28 08:00:00,HmiyD2TTLFNqkNe,25.104416866666664,36.957327933333325,0.3905541093333334,8,Clear-Sky,0.09804972563018312,2020-05-28
2020-05-28 08:15:00,4135001,128930.464286,12634.3124999,556.6314935090909,6949086.267863637,2020-05-28 08:15:00,HmiyD2TTLFNqkNe,25.93090606666667,39.14253953333334,0.4474868786666667,8,Clear-Sky,0.09799322890728086,2020-05-28
2020-05-28 08:30:00,4135001,147952.392857,14491.673214299999,708.9613095318182,6949239.0976363635,2020-05-28 08:30:00,HmiyD2TTLFNqkNe,26.5218384,40.79867733333334,0.5072556953333333,8,Clear-Sky,0.09794821789943332,2020-05-28
2020-05-28 08:45:00,4135001,166723.464287,16322.875,885.2978896090909,6949414.934227273,2020-05-28 08:45:00,HmiyD2TTLFNqkNe,27.136891666666664,43.47980553333333,0.5679321226666665,8,Clear-Sky,0.09790388575360684,2020-05-28
2020-05-28 09:00:00,4135001,181022.767858,17716.7285715,1078.4740259545454,6949608.11040909,2020-05-28 09:00:00,HmiyD2TTLFNqkNe,27.544490533333327,44.7877972,0.6186352253333331,9,Clear-Sky,0.09787016727861306,2020-05-28
2020-05-28 09:15:00,4135001,194474.053572,19026.9375,1288.2142857272727,6949817.850636363,2020-05-28 09:15:00,HmiyD2TTLFNqkNe,27.93476573333333,46.073250533333336,0.6627551926666667,9,Clear-Sky,0.09783792310862523,2020-05-28
2020-05-28 09:30:00,4135001,208171.35714500002,20360.317857000002,1512.7962662272728,6950042.732954546,2020-05-28 09:30:00,HmiyD2TTLFNqkNe,28.210111600000005,48.59591266666667,0.7142683660000001,9,Clear-Sky,0.09780556814460403,2020-05-28
2020-05-28 09:45:00,4135001,212358.333334,20765.9303571,1745.0974026363635,6950275.032409091,2020-05-28 09:45:00,HmiyD2TTLFNqkNe,28.672439642857142,49.257720857142864,0.7337398671428571,9,Clear-Sky,0.09778721668736715,2020-05-28
2020-05-28 10:00:00,4135001,225418.446426,22032.6821431,1985.8823051363636,6950515.017636364,2020-05-28 10:00:00,HmiyD2TTLFNqkNe,28.899194400000003,50.217022533333335,0.8090980026666666,10,Clear-Sky,0.09774125628326895,2020-05-28
2020-05-28 10:15:00,4135001,233272.07142,22781.192856,2243.2370130454547,6950772.418772727,2020-05-28 10:15:00,HmiyD2TTLFNqkNe,29.420182333333333,51.9404828,0.8295752813333332,10,Clear-Sky,0.0976593242273872,2020-05-28
2020-05-28 10:30:00,4135001,216263.535715,21123.5321433,2491.5438311363637,6951021.439954545,2020-05-28 10:30:00,HmiyD2TTLFNqkNe,29.4800944,54.2505046,0.8182360253333333,10,Clear-Sky,0.09767495973587227,2020-05-28
2020-05-28 10:45:00,4135001,207863.160718,20299.1089286,2731.7727272727275,6951261.409090909,2020-05-28 10:45:00,HmiyD2TTLFNqkNe,29.966066466666664,55.059627,0.7252745073333334,10,Clear-Sky,0.09765611596823078,2020-05-28
2020-05-28 11:00:00,4135001,242176.553585,23627.2982132,2963.4342532727273,6951493.07059091,2020-05-28 11:00:00,HmiyD2TTLFNqkNe,29.914223333333336,51.16156006666666,0.807332034,11,Clear-Sky,0.09756228612324028,2020-05-28
2020-05-28 11:15:00,4135001,274505.26785,26766.376785,3258.7402597272726,6951786.542863636,2020-05-28 11:15:00,HmiyD2TTLFNqkNe,30.556133933333328,57.9774638,0.9597508193333332,11,Clear-Sky,0.09750769810226795,2020-05-28
2020-05-28 11:30:00,4135001,283830.53572,27674.167856,3568.6525973636362,6952098.992727273,2020-05-28 11:30:00,HmiyD2TTLFNqkNe,31.31245933333333,59.503814466666654,1.009763066,11,Clear-Sky,0.0975024332241006,2020-05-28
2020-05-28 11:45:00,4135001,276006.14285,26917.846428,3880.4299242272727,6952409.742681817,2020-05-28 11:45:00,HmiyD2TTLFNqkNe,31.614807133333333,59.99013253333333,0.962788822,11,Clear-Sky,0.09752625847399686,2020-05-28
2020-05-28 12:00:00,4135001,265214.03572,25870.578572,4182.245129863636,6952711.834954545,2020-05-28 12:00:00,HmiyD2TTLFNqkNe,31.7778442,59.602299333333335,0.9274572886666668,12,Clear-Sky,0.09754603862411299,2020-05-28
2020-05-28 12:15:00,4135001,284571.65237,27749.459999,4497.908008636364,6953028.81709091,2020-05-28 12:15:00,HmiyD2TTLFNqkNe,32.29975366666667,60.04074324999999,1.0637222583333332,12,Clear-Sky,0.09751308595882262,2020-05-28
2020-05-28 12:30:00,4135001,242437.874991,23658.0571445,4773.267857090909,6953302.904272727,2020-05-28 12:30:00,HmiyD2TTLFNqkNe,32.15694978571428,58.43889107142857,0.8011804564285713,12,Clear-Sky,0.09758399814953936,2020-05-28
2020-05-28 12:45:00,4135001,265731.67857,25921.603572,5057.962662363637,6953587.599,2020-05-28 12:45:00,HmiyD2TTLFNqkNe,32.250663066666675,58.209017133333326,0.90865983,12,Clear-Sky,0.09754803684488689,2020-05-28
2020-05-28 13:00:00,4135001,282757.28571,27568.916071,5363.268668863637,6953892.905,2020-05-28 13:00:00,HmiyD2TTLFNqkNe,32.9157552,60.926743466666665,1.0082438753333332,13,Clear-Sky,0.09750028545427147,2020-05-28
2020-05-28 13:15:00,4135001,227630.35716,22218.7803559,5670.387175272727,6954200.023590908,2020-05-28 13:15:00,HmiyD2TTLFNqkNe,33.30490126666667,61.48070286666666,0.87740903,13,Clear-Sky,0.09760903876402809,2020-05-28
2020-05-28 13:30:00,4135001,159009.964286,15553.269642700001,5847.06655840909,6954377.047090909,2020-05-28 13:30:00,HmiyD2TTLFNqkNe,32.802505857142854,49.77019207142857,0.5136740935714285,13,Clear-Sky,0.09781317612728617,2020-05-28
2020-05-28 13:45:00,4135001,218978.124997,21378.8250004,6058.7435064090905,6954588.379954546,2020-05-28 13:45:00,HmiyD2TTLFNqkNe,32.92808646666667,49.820072333333336,0.7417442313333333,13,Clear-Sky,0.09762995733337697,2020-05-28
2020-05-28 14:00:00,4135001,207014.458337,20218.8736909,6340.487824636363,6954869.69090909,2020-05-28 14:00:00,HmiyD2TTLFNqkNe,33.757623499999994,56.5494842,0.718638987,14,Clear-Sky,0.09766889643034296,2020-05-28
2020-05-28 14:15:00,4135001,105308.642857,10330.6857143,6487.713474045455,6955017.485363636,2020-05-28 14:15:00,HmiyD2TTLFNqkNe,32.78992792857142,46.81591135714286,0.4033134171428571,14,Clear-Sky,0.09809912495338274,2020-05-28
2020-05-28 14:30:00,4135001,179159.12499799998,17519.4607142,6644.344967636363,6955173.981227273,2020-05-28 14:30:00,HmiyD2TTLFNqkNe,32.84624806666667,48.51458733333333,0.5518274599999999,14,Clear-Sky,0.0977871527023565,2020-05-28
2020-05-28 14:45:00,4135001,177523.452382,17363.8178572,6823.645833318181,6955353.282181818,2020-05-28 14:45:00,HmiyD2TTLFNqkNe,32.96533184615384,46.83451484615385,0.5377807876923076,14,Clear-Sky,0.09781140251731948,2020-05-28
2020-05-28 15:00:00,4135001,220541.982138,21563.5517857,7068.757305136363,6955598.393727273,2020-05-28 15:00:00,HmiyD2TTLFNqkNe,33.397930933333335,51.453865333333326,0.7397700273333334,15,Clear-Sky,0.09777526970899815,2020-05-28
2020-05-28 15:15:00,4135001,188854.428571,18478.4946428,7296.001623363636,6955825.638,2020-05-28 15:15:00,HmiyD2TTLFNqkNe,33.418438800000004,50.9835652,0.642219944,15,Clear-Sky,0.09784517515750495,2020-05-28
2020-05-28 15:30:00,4135001,176704.136904,17295.1238095,7501.120129863636,6956031.185090909,2020-05-28 15:30:00,HmiyD2TTLFNqkNe,33.45063293333333,49.20921033333333,0.5725103686666667,15,Clear-Sky,0.09787616811085816,2020-05-28
2020-05-28 15:45:00,4135001,135039.910715,13227.294643,7669.624188363637,6956199.2605,2020-05-28 15:45:00,HmiyD2TTLFNqkNe,33.09783492857143,47.05743857142858,0.4793892407142857,15,Clear-Sky,0.09795100258112607,2020-05-28
2020-05-28 16:00:00,4135001,64711.886905,6349.7130954,7785.381493545455,6956315.245090908,2020-05-28 16:00:00,HmiyD2TTLFNqkNe,32.85396113333333,42.799833,0.206959974,16,Cloud-Affected,0.09812282409137085,2020-05-28
2020-05-28 16:15:00,4135001,97503.321428,9557.4285714,7883.284090909091,6956413.186681818,2020-05-28 16:15:00,HmiyD2TTLFNqkNe,32.72757773333334,40.30443513333333,0.3152401926666667,16,Clear-Sky,0.09802156922887548,2020-05-28
2020-05-28 16:30:00,4135001,95317.87499899999,9345.7267857,7991.182088727273,6956520.3260454545,2020-05-28 16:30:00,HmiyD2TTLFNqkNe,32.866440600000004,40.0736208,0.3207225406666667,16,Clear-Sky,0.0980479976688323,2020-05-28
2020-05-28 16:45:00,4135001,81726.809524,8025.2619046,8079.817370090909,6956609.832545454,2020-05-28 16:45:00,HmiyD2TTLFNqkNe,32.67632835714286,38.693878142857145,0.2912888885714286,16,Cloud-Affected,0.09819619720066634,2020-05-28
2020-05-28 17:00:00,4135001,71692.446429,7041.7809525,8169.426136363636,6956699.306,2020-05-28 17:00:00,HmiyD2TTLFNqkNe,32.671417266666666,38.58448679999999,0.2348828546666666,17,Cloud-Affected,0.09822207642856444,2020-05-28
2020-05-28 17:15:00,4135001,57515.214285,5646.6666666,8245.494047636363,6956775.399318182,2020-05-28 17:15:00,HmiyD2TTLFNqkNe,32.512230571428574,37.494888142857135,0.1959377942857142,17,Cloud-Affected,0.09817692130328468,2020-05-28
2020-05-28 17:30:00,4135001,24810.803573,2414.0610714,8289.396915590909,6956818.889318182,2020-05-28 17:30:00,HmiyD2TTLFNqkNe,31.958078800000003,34.10791773333333,0.0836154068666666,17,Cloud-Affected,0.0972987861637447,2020-05-28
2020-05-28 17:45:00,4135001,15151.0892857,1467.33392857,8310.201298681817,6956839.798727273,2020-05-28 17:45:00,HmiyD2TTLFNqkNe,31.476942933333337,31.634830733333327,0.0517987240666666,17,Cloud-Affected,0.09684676137146843,2020-05-28
2020-05-29 08:00:00,4135001,73497.732143,7222.8142858,324.0251623363636,6957191.479727272,2020-05-29 08:00:00,HmiyD2TTLFNqkNe,22.677024466666666,29.930456466666666,0.2336446046666666,8,Cloud-Affected,0.09827261434063049,2020-05-29
2020-05-29 08:15:00,4135001,93882.303571,9220.0428572,417.5154220772727,6957284.97,2020-05-29 08:15:00,HmiyD2TTLFNqkNe,23.168194600000003,32.699511466666664,0.299662534,8,Cloud-Affected,0.0982085281943172,2020-05-29
2020-05-29 08:30:00,4135001,110597.321428,10845.2000001,529.4537337681818,6957396.908272727,2020-05-29 08:30:00,HmiyD2TTLFNqkNe,23.66407273333333,35.258107466666665,0.359172322,8,Clear-Sky,0.09806024106253186,2020-05-29
2020-05-29 08:45:00,4135001,122060.678572,11963.2607144,659.6663960999999,6957527.390409091,2020-05-29 08:45:00,HmiyD2TTLFNqkNe,24.082292928571427,37.545538642857146,0.3933412785714285,8,Clear-Sky,0.09801076689364153,2020-05-29
2020-05-29 09:00:00,4135001,151235.571428,14808.5589285,803.9634740227273,6957671.450545454,2020-05-29 09:00:00,HmiyD2TTLFNqkNe,24.37939666666667,40.127750600000006,0.4835685933333334,9,Clear-Sky,0.09791716848539192,2020-05-29
2020-05-29 09:15:00,4135001,199633.089286,19528.4303573,1010.308441559091,6957877.763,2020-05-29 09:15:00,HmiyD2TTLFNqkNe,25.400056866666667,47.31288253333333,0.6839935373333333,9,Clear-Sky,0.09782161077176449,2020-05-29
2020-05-29 09:30:00,4135001,142957.214285,14002.4964287,1202.6777597272728,6958070.132318183,2020-05-29 09:30:00,HmiyD2TTLFNqkNe,25.6231832,47.156502466666666,0.4851745126666666,9,Clear-Sky,0.09794886182368226,2020-05-29
2020-05-29 09:45:00,4135001,185831.964287,18176.394642799998,1380.4293830454544,6958247.884000001,2020-05-29 09:45:00,HmiyD2TTLFNqkNe,26.1870668,47.0743288,0.6188715400000001,9,Clear-Sky,0.09781091596668624,2020-05-29
2020-05-29 10:00:00,4135001,192094.946429,18782.1184526,1574.1063311363637,6958441.5609090915,2020-05-29 10:00:00,HmiyD2TTLFNqkNe,26.661143,47.86209886666667,0.6259291153333334,10,Clear-Sky,0.09777518254256645,2020-05-29
2020-05-29 10:15:00,4135001,261290.32145,25492.103572,1843.2873376363639,6958709.363136363,2020-05-29 10:15:00,HmiyD2TTLFNqkNe,27.280598866666665,56.17617786666667,0.922471946,10,Clear-Sky,0.09756237211747669,2020-05-29
2020-05-29 10:30:00,4135001,265695.98215,25920.391072,2134.6339285909094,6959002.0884545455,2020-05-29 10:30:00,HmiyD2TTLFNqkNe,27.962141933333328,59.34772946666667,0.9426408173333332,10,Clear-Sky,0.0975565789977453,2020-05-29
2020-05-29 10:45:00,4135001,251875.01785,24585.980359,2415.4058440909093,6959282.860454545,2020-05-29 10:45:00,HmiyD2TTLFNqkNe,28.6902568,57.816648333333326,0.880648258,10,Clear-Sky,0.09761182577321652,2020-05-29
2020-05-29 11:00:00,4135001,256672.60714,25039.755357,2695.296266318182,6959562.750727273,2020-05-29 11:00:00,HmiyD2TTLFNqkNe,28.989419142857145,58.54648692857143,0.89846418,11,Clear-Sky,0.09755523051722564,2020-05-29
2020-05-29 11:15:00,4135001,241112.16073,23529.7910723,2981.9123376363636,6959849.36690909,2020-05-29 11:15:00,HmiyD2TTLFNqkNe,29.171191466666667,57.72865393333333,0.844823108,11,Clear-Sky,0.09758857040250621,2020-05-29
2020-05-29 11:30:00,4135001,204165.571429,19947.0482142,3216.714285727273,6960084.168818181,2020-05-29 11:30:00,HmiyD2TTLFNqkNe,29.170436533333337,54.0487796,0.7256673206666666,11,Clear-Sky,0.09770035209455834,2020-05-29
2020-05-29 11:45:00,4135001,277691.32143,27085.746429,3487.3863636363635,6960354.840909091,2020-05-29 11:45:00,HmiyD2TTLFNqkNe,29.452115866666663,57.48017959999999,1.0518955426666667,11,Clear-Sky,0.09753904547509502,2020-05-29
2020-05-29 12:00:00,4135001,261260.41071,25494.689286,3779.900974045455,6960647.3555000005,2020-05-29 12:00:00,HmiyD2TTLFNqkNe,30.0820658,61.4289776,0.875959719333333,12,Clear-Sky,0.0975834387487785,2020-05-29
2020-05-29 12:15:00,4135001,224220.57143,21911.807142999998,4048.867694818182,6960916.322227272,2020-05-29 12:15:00,HmiyD2TTLFNqkNe,29.980607066666668,58.23431193333333,0.7119324986666667,12,Clear-Sky,0.09772433904371125,2020-05-29
2020-05-29 12:30:00,4135001,262618.35717,25621.682142,4315.639610454546,6961183.094090909,2020-05-29 12:30:00,HmiyD2TTLFNqkNe,30.22876786666666,58.4341208,0.907262212,12,Clear-Sky,0.09756241878177005,2020-05-29
2020-05-29 12:45:00,4135001,273016.26786,26621.633929,4617.758928545454,6961485.2135,2020-05-29 12:45:00,HmiyD2TTLFNqkNe,30.414278266666667,62.09320066666666,0.964028712,12,Clear-Sky,0.09750933209097747,2020-05-29
2020-05-29 13:00:00,4135001,275776.57141,26889.571428,4919.915584363636,6961787.370181818,2020-05-29 13:00:00,HmiyD2TTLFNqkNe,31.0336488,63.14266973333333,0.9750077606666668,13,Clear-Sky,0.09750491599238496,2020-05-29
2020-05-29 13:15:00,4135001,255066.875,24891.785714,5221.887175318182,6962089.341727273,2020-05-29 13:15:00,HmiyD2TTLFNqkNe,31.226418066666668,63.19209206666668,0.906359092,13,Clear-Sky,0.09758925267736158,2020-05-29
2020-05-29 13:30:00,4135001,241203.96426,23555.8982153,5492.749999954545,6962360.204590908,2020-05-29 13:30:00,HmiyD2TTLFNqkNe,31.451491266666668,58.442191666666666,0.870920262,13,Clear-Sky,0.09765966445687636,2020-05-29
2020-05-29 13:45:00,4135001,195300.696428,19095.6910714,5750.938311727273,6962618.392818182,2020-05-29 13:45:00,HmiyD2TTLFNqkNe,31.4721985,58.874195642857146,0.631655037142857,13,Clear-Sky,0.09777584729934571,2020-05-29
2020-05-29 14:00:00,4135001,146673.107142,14366.05,5926.673701272727,6962794.128272727,2020-05-29 14:00:00,HmiyD2TTLFNqkNe,31.294620733333332,50.15845953333333,0.4715989833333333,14,Clear-Sky,0.09794603987008786,2020-05-29
2020-05-29 14:15:00,4135001,204268.42857699998,19973.1464289,6119.479707863637,6962986.934181818,2020-05-29 14:15:00,HmiyD2TTLFNqkNe,31.446600466666663,51.540208,0.7254104080000001,14,Clear-Sky,0.09777892045304996,2020-05-29
2020-05-29 14:30:00,4135001,179871.589287,17602.7785714,6337.253246772728,6963204.707772728,2020-05-29 14:30:00,HmiyD2TTLFNqkNe,31.9529074,53.654715866666656,0.611296238,14,Clear-Sky,0.09786302907077397,2020-05-29
2020-05-29 14:45:00,4135001,193773.696429,18957.2696428,6548.004870136364,6963415.459409091,2020-05-29 14:45:00,HmiyD2TTLFNqkNe,32.07957366666666,53.019840733333325,0.6525659726666667,14,Clear-Sky,0.09783200708949717,2020-05-29
2020-05-29 15:00:00,4135001,169502.499999,16593.078571500002,6752.545454545455,6963620.0,2020-05-29 15:00:00,HmiyD2TTLFNqkNe,32.37420473333333,52.76566173333333,0.5593601680000001,15,Clear-Sky,0.09789282501200805,2020-05-29
2020-05-29 15:15:00,4135001,164529.375,16108.242857199999,6940.461039045455,6963807.9155,2020-05-29 15:15:00,HmiyD2TTLFNqkNe,32.275811866666665,51.221810066666656,0.5192661353333333,15,Clear-Sky,0.09790496595030522,2020-05-29
2020-05-29 15:30:00,4135001,153956.732145,15076.8053572,7117.0349026818185,6963984.489363637,2020-05-29 15:30:00,HmiyD2TTLFNqkNe,32.34201053333333,48.925150733333325,0.5249432360000001,15,Clear-Sky,0.09792884758686823,2020-05-29
2020-05-29 15:45:00,4135001,160888.785715,15753.6482143,7290.44805190909,6964157.902636364,2020-05-29 15:45:00,HmiyD2TTLFNqkNe,32.46573564285715,48.318494571428566,0.5348639064285715,15,Clear-Sky,0.09791638456521244,2020-05-29
2020-05-29 16:00:00,4135001,148051.303572,14501.3964285,7466.068993454545,6964333.523590908,2020-05-29 16:00:00,HmiyD2TTLFNqkNe,32.45574533333333,47.4088624,0.484228046,16,Clear-Sky,0.09794845488440912,2020-05-29
2020-05-29 16:15:00,4135001,140480.571429,13762.0982143,7625.327110318181,6964492.781727273,2020-05-29 16:15:00,HmiyD2TTLFNqkNe,31.814784666666668,46.41744406666666,0.457150144,16,Clear-Sky,0.09796442365167538,2020-05-29
2020-05-29 16:30:00,4135001,91834.392857,9019.2625,7756.677759772728,6964624.132272727,2020-05-29 16:30:00,HmiyD2TTLFNqkNe,31.6578208,43.54560113333334,0.3026864813333333,16,Clear-Sky,0.09821225163479169,2020-05-29
2020-05-29 16:45:00,4135001,79403.392857,7803.8196427,7852.372564909091,6964719.827136364,2020-05-29 16:45:00,HmiyD2TTLFNqkNe,30.836218333333328,39.6094684,0.25664592,16,Cloud-Affected,0.09828068249872066,2020-05-29
2020-05-29 17:00:00,4135001,70533.464286,6927.1874999,7933.677759727273,6964801.132318183,2020-05-29 17:00:00,HmiyD2TTLFNqkNe,30.0257304,36.7043906,0.2275632,17,Cloud-Affected,0.09821136066437273,2020-05-29
2020-05-29 17:15:00,4135001,50867.499998,4987.6857142,8004.646915590909,6964872.101454545,2020-05-29 17:15:00,HmiyD2TTLFNqkNe,29.58132926666667,34.95715533333333,0.163290324,17,Cloud-Affected,0.09805250335471774,2020-05-29
2020-05-29 17:30:00,4135001,27273.196429,2654.9375,8046.721590909091,6964914.176136363,2020-05-29 17:30:00,HmiyD2TTLFNqkNe,29.13962606666667,32.1050026,0.0869776312666666,17,Cloud-Affected,0.09734603374824687,2020-05-29
2020-05-29 17:45:00,4135001,20308.3928572,1972.14642857,8072.4805195,6964939.935045455,2020-05-29 17:45:00,HmiyD2TTLFNqkNe,28.608535642857145,30.09376085714285,0.0651276525,17,Cloud-Affected,0.09710992112656558,2020-05-29
2020-05-30 08:00:00,4135001,67760.339288,6654.3357143,290.52840909545455,6965253.937454546,2020-05-30 08:00:00,HmiyD2TTLFNqkNe,22.792192642857145,28.886864857142857,0.2194022685714285,8,Cloud-Affected,0.09820399047910977,2020-05-30
2020-05-30 08:15:00,4135001,95267.696429,9354.3160715,384.75324675454544,6965348.162363636,2020-05-30 08:15:00,HmiyD2TTLFNqkNe,23.30529986666667,32.51050999999999,0.319270414,8,Clear-Sky,0.09818980013305428,2020-05-30
2020-05-30 08:30:00,4135001,78590.660716,7725.2589284000005,483.125,6965446.534090909,2020-05-30 08:30:00,HmiyD2TTLFNqkNe,23.722454733333333,34.3021282,0.257492758,8,Cloud-Affected,0.09829741674162108,2020-05-30
2020-05-30 08:45:00,4135001,75884.982143,7459.6321429,570.0365259772727,6965533.445681819,2020-05-30 08:45:00,HmiyD2TTLFNqkNe,23.959779666666662,33.923728333333344,0.2414865233333333,8,Cloud-Affected,0.09830182378962465,2020-05-30
2020-05-30 09:00:00,4135001,82920.392856,8148.5178571999995,654.1314935,6965617.540590909,2020-05-30 09:00:00,HmiyD2TTLFNqkNe,24.185119466666663,33.2824116,0.2588894479999999,9,Cloud-Affected,0.09826916608259151,2020-05-30
2020-05-30 09:15:00,4135001,119132.839285,11679.4892857,764.1834415499999,6965727.592636363,2020-05-30 09:15:00,HmiyD2TTLFNqkNe,24.408231533333336,34.40989966666667,0.3711218493333333,9,Clear-Sky,0.09803752983473603,2020-05-30
2020-05-30 09:30:00,4135001,137766.160716,13496.5142857,912.5933441636364,6965876.002363637,2020-05-30 09:30:00,HmiyD2TTLFNqkNe,24.94327793333333,37.55877506666666,0.4308539586666666,9,Clear-Sky,0.09796683173542578,2020-05-30
2020-05-30 09:45:00,4135001,102428.392857,10051.3785715,1049.7467532545454,6966013.155818182,2020-05-30 09:45:00,HmiyD2TTLFNqkNe,24.95345873333333,35.66078086666666,0.31364225,9,Clear-Sky,0.09813078474766954,2020-05-30
2020-05-30 10:00:00,4135001,102686.178572,10074.8696428,1162.3985389545453,6966125.807636364,2020-05-30 10:00:00,HmiyD2TTLFNqkNe,24.9230428,32.240460133333336,0.304070602,10,Clear-Sky,0.09811320065568366,2020-05-30
2020-05-30 10:15:00,4135001,95839.785715,9409.9999999,1270.2913961363636,6966233.700454545,2020-05-30 10:15:00,HmiyD2TTLFNqkNe,24.95966,30.926380785714283,0.2776844828571428,10,Cloud-Affected,0.0981846936499069,2020-05-30
2020-05-30 10:30:00,4135001,115928.25,11363.7946429,1389.7589285,6966353.16809091,2020-05-30 10:30:00,HmiyD2TTLFNqkNe,24.808402466666667,30.401300066666664,0.3370152366666666,10,Clear-Sky,0.09802437837973058,2020-05-30
2020-05-30 10:45:00,4135001,117660.57143,11533.0624999,1519.6233766363637,6966483.032454545,2020-05-30 10:45:00,HmiyD2TTLFNqkNe,24.85946453333333,32.48247873333333,0.348691926,10,Clear-Sky,0.09801977297689213,2020-05-30
2020-05-30 11:00:00,4135001,143787.696429,14084.3875,1661.3019480454545,6966624.711045455,2020-05-30 11:00:00,HmiyD2TTLFNqkNe,25.07773446666667,35.4601398,0.4262679866666666,11,Clear-Sky,0.09795266110932266,2020-05-30
2020-05-30 11:15:00,4135001,224149.749998,21900.1767863,1861.3693181818182,6966824.778409091,2020-05-30 11:15:00,HmiyD2TTLFNqkNe,25.542982933333327,41.660313,0.715572958,11,Clear-Sky,0.09770332907574246,2020-05-30
2020-05-30 11:30:00,4135001,173305.142857,16961.844643,2090.8790585,6967054.288090909,2020-05-30 11:30:00,HmiyD2TTLFNqkNe,26.040903733333334,44.667008466666665,0.561617874,11,Clear-Sky,0.09787271377743129,2020-05-30
2020-05-30 11:45:00,4135001,193834.214286,18955.916071300002,2301.563311727273,6967264.972363636,2020-05-30 11:45:00,HmiyD2TTLFNqkNe,26.3615418,46.695184266666665,0.6239884299999999,11,Clear-Sky,0.09779447937571424,2020-05-30
2020-05-30 12:00:00,4135001,298937.78571,29150.212499,2562.7045454545455,6967526.113636363,2020-05-30 12:00:00,HmiyD2TTLFNqkNe,27.0928548,57.691178466666656,1.151102274,12,Clear-Sky,0.0975126393933976,2020-05-30
2020-05-30 12:15:00,4135001,218205.857148,21316.4857136,2868.0746753181816,6967831.483772728,2020-05-30 12:15:00,HmiyD2TTLFNqkNe,27.6734152,62.91643313333333,0.7998236226666667,12,Clear-Sky,0.09768979619617593,2020-05-30
2020-05-30 12:30:00,4135001,283435.66072,27642.699999,3124.3027597727273,6968087.711818182,2020-05-30 12:30:00,HmiyD2TTLFNqkNe,28.242209357142855,60.84071814285714,1.1225500642857145,12,Clear-Sky,0.09752724808438142,2020-05-30
2020-05-30 12:45:00,4135001,221611.035718,21654.7249995,3420.1834415909093,6968383.5925,2020-05-30 12:45:00,HmiyD2TTLFNqkNe,28.96689653333334,62.345989,0.771698892,12,Clear-Sky,0.09771501193223803,2020-05-30
2020-05-30 13:00:00,4135001,193812.857142,18959.4874999,3637.229707818182,6968600.638772727,2020-05-30 13:00:00,HmiyD2TTLFNqkNe,28.826908466666666,53.6317382,0.6454755853333334,13,Clear-Sky,0.09782368300782562,2020-05-30
2020-05-30 13:15:00,4135001,255671.99999,24953.001787,3892.6623376363636,6968856.0714545455,2020-05-30 13:15:00,HmiyD2TTLFNqkNe,28.9500306,56.0328042,0.9492787793333332,13,Clear-Sky,0.09759771030060381,2020-05-30
2020-05-30 13:30:00,4135001,232814.678588,22743.8249996,4160.015422136364,6969123.424454546,2020-05-30 13:30:00,HmiyD2TTLFNqkNe,29.13891813333333,53.3879132,0.8056238186666665,13,Clear-Sky,0.0976906831542549,2020-05-30
2020-05-30 13:45:00,4135001,257948.46426,25164.673214,4437.600649318181,6969401.009772727,2020-05-30 13:45:00,HmiyD2TTLFNqkNe,29.40827633333333,55.02622280000001,0.8897051446666668,13,Clear-Sky,0.09755698017506002,2020-05-30
2020-05-30 14:00:00,4135001,253705.89287,24754.357144,4719.325487,6969682.734590909,2020-05-30 14:00:00,HmiyD2TTLFNqkNe,29.928074066666667,54.66195460000001,0.886393536,14,Clear-Sky,0.09757107674548277,2020-05-30
2020-05-30 14:15:00,4135001,249435.23214,24355.048212,4999.909090909091,6969963.318181818,2020-05-30 14:15:00,HmiyD2TTLFNqkNe,30.114007466666664,54.58146206666667,0.8507950519999999,14,Clear-Sky,0.09764077032361769,2020-05-30
2020-05-30 14:30:00,4135001,232198.607136,22697.2321435,5266.392857090909,6970229.802,2020-05-30 14:30:00,HmiyD2TTLFNqkNe,30.26233913333333,52.088154933333335,0.776912684,14,Clear-Sky,0.09774921746281667,2020-05-30
2020-05-30 14:45:00,4135001,221890.339282,21694.9089284,5519.126623363636,6970482.535727274,2020-05-30 14:45:00,HmiyD2TTLFNqkNe,30.078890214285718,52.50944735714285,0.7406104714285713,14,Clear-Sky,0.09777311170283977,2020-05-30
2020-05-30 15:00:00,4135001,209850.999999,20523.7964285,5759.625811681818,6970723.034909091,2020-05-30 15:00:00,HmiyD2TTLFNqkNe,30.49638266666667,51.013694,0.6983646913333333,15,Clear-Sky,0.09780175662063943,2020-05-30
2020-05-30 15:15:00,4135001,195171.500001,19094.855357200002,5985.322240272727,6970948.731318181,2020-05-30 15:15:00,HmiyD2TTLFNqkNe,30.8197694,47.81379373333333,0.6433630186666666,15,Clear-Sky,0.09783628940240847,2020-05-30
2020-05-30 15:30:00,4135001,180580.464286,17673.6517856,6195.451298772728,6971158.860318181,2020-05-30 15:30:00,HmiyD2TTLFNqkNe,30.739146,47.6748986,0.5930513439999998,15,Clear-Sky,0.0978713387158469,2020-05-30
2020-05-30 15:45:00,4135001,164980.57143,16152.8446429,6387.078733727272,6971350.487863637,2020-05-30 15:45:00,HmiyD2TTLFNqkNe,30.839324866666665,46.916251733333326,0.5397100973333333,15,Clear-Sky,0.09790755664677478,2020-05-30
2020-05-30 16:00:00,4135001,147957.589285,14492.1267857,6562.233766272728,6971525.642818182,2020-05-30 16:00:00,HmiyD2TTLFNqkNe,31.278884,44.566937,0.4816808006666666,16,Clear-Sky,0.09794784340386126,2020-05-30
2020-05-30 16:15:00,4135001,126189.392859,12366.7767858,6715.038960954545,6971678.448136363,2020-05-30 16:15:00,HmiyD2TTLFNqkNe,31.0069884,42.35145673333333,0.4227470493333333,16,Clear-Sky,0.09800171397621543,2020-05-30
2020-05-30 16:30:00,4135001,91882.357144,9015.0875,6834.705357090908,6971798.1145,2020-05-30 16:30:00,HmiyD2TTLFNqkNe,30.61301473333333,39.94118873333333,0.3143966613333332,16,Clear-Sky,0.09811554448773405,2020-05-30
2020-05-30 16:45:00,4135001,91691.178572,9005.2,6938.366071454546,6971901.775136364,2020-05-30 16:45:00,HmiyD2TTLFNqkNe,30.771809071428567,37.85851378571428,0.3052764092857143,16,Clear-Sky,0.09821228323429954,2020-05-30
2020-05-30 17:00:00,4135001,74672.267859,7339.6357142,7031.145292181818,6971994.55440909,2020-05-30 17:00:00,HmiyD2TTLFNqkNe,30.710561,36.66297186666667,0.2547879166666667,17,Cloud-Affected,0.09829131918236467,2020-05-30
2020-05-30 17:15:00,4135001,57603.160715,5649.8517859,7105.992694772727,6972069.401818182,2020-05-30 17:15:00,HmiyD2TTLFNqkNe,30.203381266666668,34.472900466666665,0.2018936086666666,17,Cloud-Affected,0.09808232249361215,2020-05-30
2020-05-30 17:30:00,4135001,39197.571429,3839.9339285,7159.630681863637,6972123.039727273,2020-05-30 17:30:00,HmiyD2TTLFNqkNe,30.037693333333333,32.64035633333333,0.1410142690666667,17,Cloud-Affected,0.09796356734639576,2020-05-30
2020-05-30 17:45:00,4135001,22575.250001,2193.93214287,7194.395292272728,6972157.804318181,2020-05-30 17:45:00,HmiyD2TTLFNqkNe,29.534391266666667,30.599279866666677,0.0770711165333333,17,Cloud-Affected,0.09718307184960596,2020-05-30
